0,1,2,3,4,5,6,7,8,9,10,11,12,13,14,15,16
0.0,8.757879681136564e-09,5.160627685788658e-11,8.668786759002718e-09,1.83216076133918e-09,7.0456346223863545e-09,5.0613729305337407e-11,8.625358860371282e-09,4.702527961067804e-10,5.668152399874504e-09,4.970212928550054e-11,8.582374864286703e-09,1.3930028601002431e-10,4.55998150935066e-09,4.883405737661325e-11,8.53977111625187e-09,4.5526633282909e-11
0.0,5.1606276857939517e-11,1.397924761890452e-12,4.979052114165724e-11,1.0401574846275279e-11,4.1479808555850936e-11,1.191503987497902e-12,4.9291598003477774e-11,2.9218952581693246e-12,3.3342609745091944e-11,1.0658151322268343e-12,4.885587368788085e-11,9.408787626686609e-13,2.680304832220815e-11,9.762494636401413e-13,4.845807355830606e-11,3.281331902069236e-13
0.0,8.66878675900261e-09,4.97905211389308e-11,8.582260066953808e-09,1.81438778741325e-09,6.9740022549566995e-09,4.8994544833641995e-11,8.539612741953915e-09,4.6556380527641717e-10,5.610555584776222e-09,4.8212302256609965e-11,8.497313346722594e-09,1.3787129281570103e-10,4.513668684982785e-09,4.744345459920786e-11,8.45533574675328e-09,4.504850432661534e-11
0.0,1.832160761339176e-09,1.0401574846316696e-11,1.8143877874132485e-09,3.56773644381019e-10,1.4739686414502637e-09,1.0242936031439712e-11,1.8055696626432128e-09,8.334626740068467e-11,1.1858040116161745e-09,1.0086719283372515e-11,1.7967967207968908e-09,2.2603365793297183e-11,9.539763129491656e-10,9.932887464722546e-12,1.7880686842802623e-09,6.8638052677860946e-12
0.0,7.045634622386513e-09,4.1479808651499484e-11,6.974002254956516e-09,1.4739686414503046e-09,5.66815230201021e-09,4.069289113695483e-11,6.939070751340548e-09,3.78311250895556e-10,4.559981352405619e-09,3.996419648898477e-11,6.904494849592819e-09,1.1206320069708588e-10,3.6684681201586187e-09,3.926864907586554e-11,6.870223979176776e-09,3.662442407427965e-11
0.0,5.0613729305337407e-11,1.1915039756394407e-12,4.899454483538905e-11,1.0242936031424084e-11,4.06928910899627e-11,1.0655761345246493e-12,4.8510683758778614e-11,2.8773574561987876e-12,3.271733380115606e-11,9.75918089604613e-13,4.808580397132652e-11,9.26521793959861e-13,2.6305441831781995e-11,9.065841747640241e-13,4.769689070375988e-11,3.2312077554627987e-13
0.0,8.625358860371201e-09,4.9291598002379304e-11,8.539612741953915e-09,1.8055696626432159e-09,6.9390707513407485e-09,4.85106837584419e-11,8.49728878659614e-09,4.632374988255813e-10,5.582458170326148e-09,4.7742671181056826e-11,8.45528946640623e-09,1.3716246596577999e-10,4.491068289485469e-09,4.6987314889104514e-11,8.413595385682256e-09,4.481137401530517e-11
0.0,4.702527961067814e-10,2.9218952581900445e-12,4.655638052764168e-10,8.334626740068453e-11,3.7831125089553576e-10,2.877357456207319e-12,4.6323749882557985e-10,1.7506477280664296e-11,3.0434567331610755e-10,2.833498775143169e-12,4.6092323077558637e-10,4.28222541718082e-12,2.4484148830348495e-10,2.790308855755555e-12,4.5862093593009495e-10,1.1880269988155337e-12
0.0,5.668152399860998e-09,3.33426097624495e-11,5.610555584775904e-09,1.1858040116161902e-09,4.559981352398829e-09,3.271733380390561e-11,5.582458170326187e-09,3.043456733161164e-10,3.6684680572344386e-09,3.2134574571774575e-11,5.55464563312754e-09,9.015172482185637e-11,2.9512535671043282e-09,3.1577151191065563e-11,5.527077794391295e-09,2.9462939640207975e-11
0.0,4.970212928507785e-11,1.065815171182078e-12,4.821230225695358e-11,1.0086719283359784e-11,3.9964196512690527e-11,9.75918127291789e-13,4.7742671180692466e-11,2.833498775137426e-12,3.2134574622809965e-11,9.064625345121045e-13,4.7328230118312185e-11,9.12383959576118e-13,2.5839202691769934e-11,8.499907448883519e-13,4.69479359181225e-11,3.1818494585090263e-13
0.0,8.582374864286807e-09,4.88558736889297e-11,8.497313346722713e-09,1.7967967207968927e-09,6.9044948495933215e-09,4.808580397194542e-11,8.455289466406296e-09,4.6092323077558704e-10,5.554645633127791e-09,4.732823011838882e-11,8.413573432010276e-09,1.3645739136073756e-10,4.468696121809501e-09,4.6582932663984704e-11,8.372150035870573e-09,4.4575523610813555e-11
0.0,1.393002860100246e-10,9.408787626636192e-13,1.3787129281570152e-10,2.260336579329739e-11,1.1206320069707349e-10,9.265217939543263e-13,1.3716246596578032e-10,4.282225417180918e-12,9.015172482185118e-11,9.123839595782006e-13,1.3645739136073792e-10,9.412613135545078e-13,7.252455314044352e-11,8.984619138760548e-13,1.3575604845833067e-10,2.362658537234614e-13
0.0,4.559981509343883e-09,2.6803048288320215e-11,4.513668684982123e-09,9.53976312949173e-10,3.668468120101014e-09,2.630544182670145e-11,4.491068289485668e-09,2.448414883034896e-10,2.9512535670670588e-09,2.5839202634154737e-11,4.468696121809276e-09,7.252455314044756e-11,2.3742606575844768e-09,2.5392391356744276e-11,4.446520257281924e-09,2.3701801200637196e-11
0.0,4.8834057378944244e-11,9.762494615874927e-13,4.744345459960447e-11,9.932887464721226e-12,3.9268649242459717e-11,9.06584173744524e-13,4.6987314888912343e-11,2.7903088557549316e-12,3.157715125551327e-11,8.499907191413214e-13,4.658293266394825e-11,8.984619138763397e-13,2.5392391344949508e-11,8.023956930678095e-13,4.6211001948816414e-11,3.133245307009007e-13
0.0,8.539771116251949e-09,4.845807355771582e-11,8.45533574675332e-09,1.7880686842802634e-09,6.870223979178323e-09,4.7696890703448295e-11,8.413595385682204e-09,4.586209359300952e-10,5.527077794392154e-09,4.694793591797412e-11,8.372150035870606e-09,1.3575604845833067e-10,4.4465202572820375e-09,4.6211001948780225e-11,8.330987295043995e-09,4.434094601106665e-11
0.0,4.552663328290901e-11,3.281331902018017e-13,4.5048504326616186e-11,6.8638052677862844e-12,3.662442407427193e-11,3.231207755420731e-13,4.4811374015305727e-11,1.188026998815615e-12,2.94629396402056e-11,3.181849458467005e-13,4.45755236108138e-11,2.362658537234849e-13,2.3701801200633823e-11,3.133245306952925e-13,4.4340946011067246e-11,5.362612884648453e-14
1.0,5.1606276903295484e-11,1.39792481258008e-12,4.979052114158866e-11,1.0401574846275268e-11,4.147980851745652e-11,1.1915040000875909e-12,4.9291598003470045e-11,2.921895258169324e-12,3.3342609744416964e-11,1.065815136750685e-12,4.8855873687875696e-11,9.408787626686615e-13,2.6803048315236673e-11,9.762494640557996e-13,4.8458073558324895e-11,3.281331902069236e-13
1.0,1.397924785422086e-12,7.491919911651128e-13,6.304058774341708e-13,6.741112239458434e-14,1.0945649497185968e-12,5.258210632598087e-13,5.645847583180389e-13,2.0579602358008645e-14,8.585742955269741e-13,4.03426688060537e-13,5.235950662369022e-13,7.151223467146806e-15,6.744678032668044e-13,3.256785985797764e-13,4.943407671660088e-13,2.627976011207333e-15
1.0,4.979052114161518e-11,6.304058771841296e-13,4.8844125240997694e-11,1.029452585909262e-11,4.004795512012722e-11,6.125023048100797e-13,4.844383476638721e-11,2.891256161915392e-12,3.221177206560204e-11,5.955288356423795e-13,4.8070354370435446e-11,9.307488747477057e-13,2.5908930080661232e-11,5.793774193050986e-13,4.7716631415407207e-11,3.245307838443997e-13
1.0,1.0401574846275266e-11,6.741112251246845e-14,1.029452585909011e-11,2.003107508982326e-12,8.367843430636754e-12,6.635880466195397e-14,1.0241533486927627e-11,4.909825046614117e-13,6.7317504339780735e-12,6.53234720263903e-14,1.0188877464409576e-11,1.4194825650864757e-13,5.4155489126832226e-12,6.430471853619892e-14,1.0136549806121232e-11,4.579533014327322e-14
1.0,4.147980851745652e-11,1.0945646983880395e-12,4.004795512141155e-11,8.367843430602397e-12,3.3342601690119635e-11,9.41239081104849e-13,3.964814693126474e-11,2.3505634789701333e-12,2.6803036006153883e-11,8.453182418841555e-13,3.929855036190022e-11,7.568920493054636e-13,2.1546976457268136e-11,7.761108227815752e-13,3.897917561249668e-11,2.639643416515892e-13
1.0,1.1915039865350637e-12,5.258209143474461e-13,6.125023038266136e-13,6.635880456776364e-14,9.41239350707826e-13,4.0316242669162864e-13,5.510253326495664e-13,2.026312966430031e-14,7.440580999690604e-13,3.2533425415082485e-13,5.120637607178704e-13,7.041375285638296e-15,5.885607204938465e-13,2.7139259136394885e-13,4.840244103859807e-13,2.587613495932034e-15
1.0,4.9291598003470045e-11,5.6458475915364e-13,4.8443834766423685e-11,1.0241533486928338e-11,3.9648146930046974e-11,5.510253318065983e-13,4.806838428356533e-11,2.8760652113830097e-12,3.1891376822509865e-11,5.37935340107929e-13,4.7713253088687145e-11,9.25726738424099e-13,2.565216469548333e-11,5.2528641273578e-13,4.737387342475428e-11,3.2274495462297196e-13
1.0,2.9218952581693246e-12,2.0579602416836234e-14,2.891256161914256e-12,4.909825046614114e-13,2.350563478989509e-12,2.026312971041945e-14,2.8760652113826635e-12,1.03236825288064e-13,1.8909468921286292e-12,1.9951527577616535e-14,2.860959279934472e-12,2.606839288672454e-14,1.5212012941900976e-12,1.9644721080689008e-14,2.845937839483431e-12,7.557359468162838e-15
1.0,3.334260974102883e-11,8.585739330101076e-13,3.2211772065363566e-11,6.731750433946321e-12,2.680303602304491e-11,7.4405782979202e-13,3.1891376823638734e-11,1.890946892112297e-12,2.154697166387229e-11,6.707094944965042e-13,3.161087810151534e-11,6.088835290085459e-13,1.732222518038326e-11,6.171737509434952e-13,3.1354464204244334e-11,2.1234418354453308e-13
1.0,1.065815138444751e-12,4.0342637827808885e-13,5.955288358533881e-13,6.532347202181159e-14,8.453184691421026e-13,3.253340987335139e-13,5.379353384134172e-13,1.9951527570227038e-14,6.707095489948853e-13,2.712734694387956e-13,5.008601146317559e-13,6.933215225185097e-15,5.323715521748559e-13,2.3157143652101076e-13,4.739696051172414e-13,2.5478711059596776e-15
1.0,4.885587368788893e-11,5.235950659637371e-13,4.807035437053808e-11,1.0188877464410237e-11,3.929855036199456e-11,5.1206376087376e-13,4.7713253088755e-11,2.860959279934815e-12,3.16108781011427e-11,5.008601132660985e-13,4.737240023994376e-11,9.207329140751897e-13,2.542710233117493e-11,4.899703516456277e-13,4.7044604440629815e-11,3.209692938010513e-13
1.0,9.408787626686615e-13,7.151223453799902e-15,9.30748874748021e-13,1.419482565086543e-13,7.568920493282938e-13,7.041375282013939e-15,9.257267384247486e-13,2.6068392886727048e-14,6.088835290240963e-13,6.9332152393880226e-15,9.20732914074901e-13,5.7356337504653615e-15,4.898177445825044e-13,6.8267173427836135e-15,9.157672332238848e-13,1.4714682892287507e-15
1.0,2.680304830845379e-11,6.744678462305654e-13,2.5908930080212318e-11,5.415548912684911e-12,2.154697640987234e-11,5.885607479421807e-13,2.5652164695218452e-11,1.521201294191155e-12,1.732222516178245e-11,5.323717492804154e-13,2.542710233092638e-11,4.898177445807409e-13,1.3926252147318494e-11,4.909156514354492e-13,2.5221234814731925e-11,1.7081872672310029e-13
1.0,9.762494644809704e-13,3.2567850988947113e-13,5.793774191863982e-13,6.430471851435719e-14,7.761107737570618e-13,2.7139242281680006e-13,5.2528641272861e-13,1.964472106747899e-14,6.171735725650981e-13,2.315714685695032e-13,4.899703515276996e-13,6.826717352092888e-15,4.909158745088964e-13,2.0109368594985062e-13,4.641674264251209e-13,2.5087393039251312e-15
1.0,4.845807355831828e-11,4.943407652447946e-13,4.7716631415468424e-11,1.0136549806121484e-11,3.897917561181781e-11,4.840244085551425e-13,4.737387342475596e-11,2.845937839483566e-12,3.135446420343983e-11,4.739696038315184e-13,4.704460444061327e-11,9.157672332235906e-13,2.5221234815223345e-11,4.641674270061846e-13,4.672647101598414e-11,3.1920374116908747e-13
1.0,3.281331902069234e-13,2.6279760200618925e-15,3.2453078384432005e-13,4.579533014327147e-14,2.639643416769913e-13,2.5876134913953163e-15,3.22744954622494e-13,7.557359468160429e-15,2.1234418354881837e-13,2.547871094206358e-15,3.2096929380057463e-13,1.471468289232881e-15,1.7081872672304245e-13,2.5087393013799934e-15,3.192037411689973e-13,3.3424722376268963e-16
2.0,8.668786759002478e-09,4.9790521138948326e-11,8.5822600669538e-09,1.814387787413248e-09,6.974002254956594e-09,4.8994544833610303e-11,8.53961274195388e-09,4.655638052764174e-10,5.610555584776191e-09,4.8212302256633126e-11,8.497313346722647e-09,1.3787129281570098e-10,4.51366868498275e-09,4.744345459925727e-11,8.455335746753297e-09,4.504850432661535e-11
2.0,4.9790521138895387e-11,6.304058843646648e-13,4.884412524102699e-11,1.0294525859092936e-11,4.004795511995902e-11,6.12502308004173e-13,4.844383476636942e-11,2.8912561619156907e-12,3.221177206537163e-11,5.95528837127104e-13,4.807035437044293e-11,9.307488747478004e-13,2.590893008079473e-11,5.793774205559508e-13,4.771663141538387e-11,3.245307838445508e-13
2.0,8.582260066953746e-09,4.8844125241103005e-11,8.497215744388564e-09,1.7967919362082406e-09,6.904402762801536e-09,4.807449165706774e-11,8.455197769960045e-09,4.609225087577122e-10,5.554571763185277e-09,4.731733395894541e-11,8.413486583035255e-09,1.3645724698140879e-10,4.4686368643504655e-09,4.65724338399432e-11,8.372067265561977e-09,4.4575489989930656e-11
2.0,1.8143877874132483e-09,1.0294525859091246e-11,1.7967919362082412e-09,3.5333724663909915e-10,1.4596704743725998e-09,1.0137542100153888e-11,1.7880615580791692e-09,8.253187300371171e-11,1.1743012891480498e-09,9.98295420818131e-12,1.7793758465992149e-09,2.2377831855474974e-11,9.447224955538583e-10,9.830725575613175e-12,1.770734535948846e-09,6.7938694262436055e-12
2.0,6.974002254956646e-09,4.0047955122445215e-11,6.904402762801628e-09,1.4596704743725981e-09,5.610555495798415e-09,3.940792766044253e-11,6.870096887706995e-09,3.745390641659988e-10,4.5136685418970414e-09,3.877892578780489e-11,6.836070317959878e-09,1.1091362670284475e-10,3.6312277390642027e-09,3.816068032868069e-11,6.8023021985219456e-09,3.623979140590216e-11
2.0,4.8994544833663295e-11,6.12502308727969e-13,4.8074491656991655e-11,1.0137542100154713e-11,3.9407927658988914e-11,5.955180054237788e-13,4.768313529854408e-11,2.847187181438235e-12,3.169713651602912e-11,5.793577690989206e-13,4.731742754929358e-11,9.165469289713785e-13,2.5495117594854344e-11,5.639372216626394e-13,4.697071871938624e-11,3.195735314186457e-13
2.0,8.539612741953907e-09,4.844383476637276e-11,8.455197769959992e-09,1.7880615580791694e-09,6.8700968877070215e-09,4.7683135298506054e-11,8.413464782514279e-09,4.5861985810597194e-10,5.5269758057312865e-09,4.693464428243869e-11,8.37202562175753e-09,1.3575583289643688e-10,4.446438412474307e-09,4.619815543433129e-11,8.33086818150953e-09,4.434089581320087e-11
2.0,4.655638052764174e-10,2.891256161914833e-12,4.609225087577127e-10,8.253187300371179e-11,3.7453906416599923e-10,2.847187181437837e-12,4.5861985810597266e-10,1.7335527618694936e-11,3.0131103464658287e-10,2.803790143873464e-12,4.563291192758097e-10,4.239986465633459e-12,2.4240019029085457e-10,2.7610547999703788e-12,4.5405022780637325e-10,1.1761347314557148e-12
2.0,5.61055558477619e-09,3.221177206596688e-11,5.5545717631853035e-09,1.1743012891480496e-09,4.513668541896684e-09,3.16971365163392e-11,5.526975805731333e-09,3.013110346465833e-10,3.6312276815401512e-09,3.119135287973776e-11,5.4996040675091834e-09,8.9226933586527e-11,2.9213078062533513e-09,3.0694207203127025e-11,5.4724399059905865e-09,2.915352041574639e-11
2.0,4.821230225660671e-11,5.955288349906775e-13,4.731733395891561e-11,9.982954208181912e-12,3.8778925788518734e-11,5.793577676100472e-13,4.693464428244032e-11,2.8037901438737027e-12,3.119135288035931e-11,5.6392825191292e-13,4.657650624416757e-11,9.025617442321772e-13,2.5088412224007594e-11,5.491716981015146e-13,4.6236644668977385e-11,3.146920190320117e-13
2.0,8.497313346722568e-09,4.80703543704645e-11,8.413486583035222e-09,1.7793758465992153e-09,6.836070317959904e-09,4.7317427549270434e-11,8.372025621757471e-09,4.5632911927580945e-10,5.49960406750919e-09,4.6576506244179137e-11,8.33084821079585e-09,1.3505813075420146e-10,4.424419960541012e-09,4.5847391514895764e-11,8.289944214458099e-09,4.4107567534034726e-11
2.0,1.3787129281570093e-10,9.307488747475516e-13,1.3645724698140873e-10,2.2377831855474926e-11,1.1091362670284463e-10,9.165469289711691e-13,1.357558328964372e-10,4.239986465633467e-12,8.922693358652671e-11,9.025617442322287e-13,1.3505813075420187e-10,9.319781723952395e-13,7.178059160182829e-11,8.88790011233293e-13,1.343641202416372e-10,2.3391904168152424e-13
2.0,4.5136686849826975e-09,2.5908930080907848e-11,4.468636864350499e-09,9.447224955538591e-10,3.631227739064163e-09,2.549511759467597e-11,4.446438412474267e-09,2.4240019029085503e-10,2.9213078062534567e-09,2.50884122236241e-11,4.424419960540992e-09,7.17805916018281e-11,2.3501802542968165e-09,2.4688643834735227e-11,4.40256822729378e-09,2.3452887717303804e-11
2.0,4.744345459927051e-11,5.793774197474593e-13,4.657243383994655e-11,9.830725575613587e-12,3.816068032921665e-11,5.639372215132363e-13,4.619815543431309e-11,2.761054799970585e-12,3.069420720295497e-11,5.491716981872894e-13,4.584739151486107e-11,8.887900112332643e-13,2.4688643834794874e-11,5.350235429422659e-13,4.551421552207806e-11,3.0988508921056654e-13
2.0,8.455335746753284e-09,4.7716631415426956e-11,8.372067265561997e-09,1.7707345359488452e-09,6.802302198521853e-09,4.6970718719399516e-11,8.33086818150959e-09,4.5405022780637336e-10,5.47243990599054e-09,4.62366446689923e-11,8.28994421445814e-09,1.3436412024163607e-10,4.402568227293773e-09,4.551421552210778e-11,8.249286672581112e-09,4.387549813043021e-11
2.0,4.5048504326615345e-11,3.245307838441974e-13,4.457548998993119e-11,6.793869426243691e-12,3.623979140590223e-11,3.195735314183364e-13,4.4340895813200903e-11,1.1761347314557408e-12,2.91535204157464e-11,3.146920190319913e-13,4.410756753403556e-11,2.339190416815289e-13,2.3452887717303562e-11,3.098850892102333e-13,4.387549813043105e-11,5.309345812101144e-14
3.0,1.832160761339177e-09,1.0401574846316793e-11,1.8143877874132483e-09,3.5677364438101853e-10,1.4739686414502653e-09,1.0242936031439731e-11,1.8055696626432122e-09,8.33462674006847e-11,1.1858040116161757e-09,1.0086719283372523e-11,1.7967967207968933e-09,2.2603365793297216e-11,9.53976312949166e-10,9.932887464722553e-12,1.7880686842802634e-09,6.863805267786098e-12
3.0,1.0401574846316832e-11,6.741112239640016e-14,1.029452585909145e-11,2.0031075089823657e-12,8.367843430612819e-12,6.63588045702236e-14,1.0241533486928338e-11,4.909825046614281e-13,6.7317504339606954e-12,6.532347205059766e-14,1.0188877464410091e-11,1.4194825650866377e-13,5.415548912694077e-12,6.430471849500874e-14,1.0136549806121694e-11,4.579533014329259e-14
3.0,1.8143877874132483e-09,1.0294525859091676e-11,1.7967919362082402e-09,3.5333724663909894e-10,1.4596704743725975e-09,1.0137542100154152e-11,1.78806155807917e-09,8.253187300371174e-11,1.174301289148049e-09,9.98295420818216e-12,1.7793758465992165e-09,2.2377831855474968e-11,9.44722495553858e-10,9.830725575613766e-12,1.7707345359488436e-09,6.793869426243574e-12
3.0,3.567736443810189e-10,2.0031075089824384e-12,3.5333724663909894e-10,6.768700639913808e-11,2.870240124210665e-10,1.9726980832335445e-12,3.516318287557599e-10,1.499055080775382e-11,2.3091051033472203e-10,1.942750418747418e-12,3.4993487320314927e-10,3.816839024684192e-12,1.8576725938790177e-10,1.9132575019841814e-12,3.4824633653786873e-10,1.0901463101614734e-12
3.0,1.4739686414502647e-09,8.367843430585585e-12,1.4596704743725975e-09,2.870240124210668e-10,1.1858040027503274e-09,8.240222501721522e-12,1.4525763845914397e-09,6.70514415671902e-11,9.539762986842504e-10,8.114550036381043e-12,1.4455186424632404e-09,1.818403025435204e-11,7.674715102141288e-10,7.990796165774416e-12,1.4384970248199025e-09,5.521753502516862e-12
3.0,1.0242936031439667e-11,6.635880453744495e-14,1.0137542100153991e-11,1.972698083233515e-12,8.24022250171588e-12,6.532345952772845e-14,1.0085366691959635e-11,4.835290520027717e-13,6.629082605951032e-12,6.430469549787741e-14,1.0033521785359839e-11,1.3979099712632896e-13,5.3329552216205625e-12,6.330216792153624e-14,9.981999705298413e-12,4.509846374070257e-14
3.0,1.8055696626432124e-09,1.0241533486928469e-11,1.7880615580791709e-09,3.516318287557595e-10,1.452576384591439e-09,1.0085366691959942e-11,1.7793746671230356e-09,8.212773286267828e-11,1.1685941674884962e-09,9.931583080603562e-12,1.7707321928571767e-09,2.2265927452034865e-11,9.401311752690216e-10,9.780146246571612e-12,1.7621338735688377e-09,6.759174148389263e-12
3.0,8.334626740068468e-11,4.909825046614666e-13,8.253187300371165e-11,1.499055080775382e-11,6.705144156719012e-11,4.83529052002789e-13,8.21277328626784e-11,3.099749548732989e-12,5.3942377793669257e-11,4.761887676607152e-13,8.17256168223568e-11,7.32299385462841e-13,4.3396235366088786e-11,4.689599330565676e-13,8.132551449850606e-11,1.9449629104446593e-13
3.0,1.1858040116161753e-09,6.731750433938444e-12,1.1743012891480496e-09,2.3091051033472177e-10,9.53976298684251e-10,6.6290826059487035e-12,1.1685941674884966e-09,5.3942377793669076e-11,7.674715044761503e-10,6.527982246277595e-12,1.1629162859038932e-09,1.462874870890575e-11,6.174288792043956e-10,6.4284253314690084e-12,1.1572674649802263e-09,4.44210765224341e-12
3.0,1.0086719283372536e-11,6.532347200877193e-14,9.982954208181996e-12,1.9427504187474026e-12,8.114550036393657e-12,6.430469546709715e-14,9.93158308060354e-12,4.76188767660707e-13,6.5279822462853095e-12,6.330215717490092e-14,9.880536729413708e-12,1.3766652788707738e-13,5.2516225028337956e-12,6.231554524243277e-14,9.829807771693791e-12,4.441220309684474e-14
3.0,1.7967967207968933e-09,1.0188877464410096e-11,1.7793758465992153e-09,3.4993487320314937e-10,1.4455186424632416e-09,1.0033521785359831e-11,1.7707321928571786e-09,8.172561682235695e-11,1.1629162859038932e-09,9.88053672941426e-12,1.7621327097693418e-09,2.215459409746402e-11,9.355633773313565e-10,9.729886087270185e-12,1.7535771391266074e-09,6.7246593480455654e-12
3.0,2.2603365793297213e-11,1.419482565086749e-13,2.237783185547483e-11,3.816839024684121e-12,1.8184030254351998e-11,1.3979099712633282e-13,2.2265927452034704e-11,7.32299385462808e-13,1.462874870890573e-11,1.3766652788709396e-13,2.2154594097464163e-11,1.5953471058203e-13,1.1768584137181533e-11,1.3557435030410594e-13,2.2043828815647626e-11,3.910204422522563e-14
3.0,9.539763129491652e-10,5.41554891268362e-12,9.447224955538575e-10,1.8576725938790138e-10,7.674715102141309e-10,5.3329552216134264e-12,9.401311752690195e-10,4.339623536608864e-11,6.174288792043957e-10,5.251622502843175e-12,9.355633773313546e-10,1.1768584137181428e-11,4.967199695855739e-10,5.171531433904569e-12,9.310189575018244e-10,3.5735605526953845e-12
3.0,9.932887464722488e-12,6.430471845495356e-14,9.830725575614121e-12,1.9132575019841838e-12,7.990796165769753e-12,6.330216790449785e-14,9.780146246571095e-12,4.689599330565672e-13,6.428425331460619e-12,6.23155452476338e-14,9.729886087270539e-12,1.355743503041037e-13,5.171531433903233e-12,6.134455899649241e-14,9.679937990338041e-12,4.373638677647176e-14
3.0,1.7880686842802625e-09,1.0136549806121856e-11,1.770734535948844e-09,3.4824633653786847e-10,1.438497024819903e-09,9.981999705298216e-12,1.762133873568836e-09,8.132551449850592e-11,1.1572674649802255e-09,9.829807771693704e-12,1.753577139126607e-09,2.20438288156474e-11,9.310189575018244e-10,9.679937990338163e-12,1.7450640775039692e-09,6.690324068400761e-12
3.0,6.863805267786104e-12,4.5795330143280875e-14,6.79386942624372e-12,1.09014631016143e-12,5.5217535025169e-12,4.509846374069635e-14,6.759174148389237e-12,1.944962910444386e-13,4.442107652243385e-12,4.4412203096848016e-14,6.724659348045554e-12,3.910204422521726e-14,3.573560552695344e-12,4.373638677648379e-14,6.6903240684007454e-12,8.826117705926226e-15
4.0,7.045634622768102e-09,4.1479808659347774e-11,6.974002254956312e-09,1.473968641450305e-09,5.668152302031882e-09,4.06928911374164e-11,6.939070751340714e-09,3.7831125089555577e-10,4.559981352426563e-09,3.996419648976646e-11,6.9044948495927996e-09,1.1206320069708583e-10,3.6684681201613285e-09,3.926864907601319e-11,6.8702239791767785e-09,3.6624424074279714e-11
4.0,4.147980863224272e-11,1.0945650699972753e-12,4.00479551210646e-11,8.367843430648869e-12,3.3342601730962505e-11,9.412393316330411e-13,3.964814693111665e-11,2.3505634789934333e-12,2.6803036000188256e-11,8.45318603306662e-13,3.929855036107477e-11,7.568920493188331e-13,2.154697643786248e-11,7.761108794798431e-13,3.8979175612360973e-11,2.63964341669191e-13
4.0,6.974002254956365e-09,4.0047955123035926e-11,6.904402762801659e-09,1.4596704743725992e-09,5.610555495798714e-09,3.940792766030798e-11,6.8700968877069884e-09,3.745390641659989e-10,4.513668541897087e-09,3.877892578789565e-11,6.836070317959974e-09,1.1091362670284478e-10,3.631227739064315e-09,3.816068032910817e-11,6.802302198521947e-09,3.6239791405902455e-11
4.0,1.473968641450305e-09,8.36784343061971e-12,1.4596704743725975e-09,2.8702401242106675e-10,1.1858040027503367e-09,8.240222501710118e-12,1.4525763845914397e-09,6.705144156719026e-11,9.539762986842573e-10,8.114550036373957e-12,1.4455186424632414e-09,1.818403025435227e-11,7.674715102141294e-10,7.990796165775168e-12,1.4384970248199023e-09,5.521753502516946e-12
4.0,5.668152302025106e-09,3.334260176823857e-11,5.610555495798581e-09,1.1858040027503263e-09,4.5599812739111915e-09,3.2717327820201e-11,5.582458083144397e-09,3.04345671879163e-10,3.6684679943358167e-09,3.2134569499036116e-11,5.554645547431638e-09,9.015172453291527e-11,2.9512535166671996e-09,3.157714679129044e-11,5.5270777099993675e-09,2.9462939573140914e-11
4.0,4.069289113233089e-11,9.412394366138414e-13,3.9407927659514174e-11,8.240222501731531e-12,3.271732780750212e-11,8.45136567604033e-13,3.902012472241144e-11,2.3147344261493395e-12,2.6305432414238904e-11,7.758569103272131e-13,3.8679203306298875e-11,7.453425704425324e-13,2.11505045618674e-11,7.218850002307779e-13,3.836694940537902e-11,2.5993214654222925e-13
4.0,6.939070751340621e-09,3.9648146930784276e-11,6.870096887706909e-09,1.4525763845914374e-09,5.582458083144145e-09,3.9020124721794706e-11,6.8360506032316734e-09,3.7266760318113705e-10,4.491068149274213e-09,3.8402471976335813e-11,6.802265040552683e-09,1.1034340075342926e-10,3.6130488962669795e-09,3.779499200283829e-11,6.7687247048429986e-09,3.604903100080083e-11
4.0,3.7831125089555613e-10,2.350563478981035e-12,3.745390641659985e-10,6.705144156719025e-11,3.0434567187916744e-10,2.3147344261416957e-12,3.7266760318113757e-10,1.4083826028347253e-11,2.448414859914226e-10,2.27945170048801e-12,3.70805826667106e-10,3.4449981846224637e-12,1.9697127098648644e-10,2.2447069684282777e-12,3.6895368217733077e-10,9.557456130845862e-13
4.0,4.559981352426576e-09,2.6803036030668208e-11,4.513668541896903e-09,9.53976298684247e-10,3.668467994352764e-09,2.6305432431578264e-11,4.491068149274809e-09,2.4484148599141743e-10,2.9512534662550155e-09,2.5839194643164435e-11,4.468695983979957e-09,7.252455267554577e-11,2.3742605767245973e-09,2.5392384224878648e-11,4.4465201215441044e-09,2.3701801092732668e-11
4.0,3.996419648976646e-11,8.453182959511618e-13,3.8778925786968895e-11,8.11455003637958e-12,3.213456945161054e-11,7.758567179982081e-13,3.840247197604462e-11,2.279451700491239e-12,2.5839194616928747e-11,7.217912581916377e-13,3.8069902883812485e-11,7.339693741459219e-13,2.0777355870499967e-11,6.776125626946094e-13,3.7764556010456585e-11,2.5596155947203493e-13
4.0,6.904494849592839e-09,3.9298550361388003e-11,6.836070317959987e-09,1.4455186424632412e-09,5.554645547431744e-09,3.86792033066358e-11,6.802265040552609e-09,3.7080582666710606e-10,4.468695983980182e-09,3.8069902884216557e-11,6.768707075346197e-09,1.097761933107601e-10,3.5950529034066267e-09,3.747047284855652e-11,6.735384263321748e-09,3.585930020929507e-11
4.0,1.120632006970859e-10,7.568920493172133e-13,1.1091362670284515e-10,1.818403025435211e-11,9.015172453291886e-11,7.453425704388604e-13,1.1034340075343013e-10,3.4449981846223628e-12,7.25245526755448e-11,7.339693741462887e-13,1.0977619331076032e-10,7.572331298285091e-13,5.834398410619968e-11,7.227697690189619e-13,1.0921198784987132e-10,1.900722224500753e-13
4.0,3.668468120163029e-09,2.154697635647287e-11,3.631227739064316e-09,7.674715102141174e-10,2.9512535166705994e-09,2.115050453134609e-11,3.6130488962672177e-09,1.9697127098648029e-10,2.374260576721214e-09,2.0777355885099912e-11,3.5950529034066073e-09,5.834398410619833e-11,1.9100746094200826e-09,2.0419147149084336e-11,3.577214392747894e-09,1.90671870229252e-11
4.0,3.9268649077071984e-11,7.761114317403616e-13,3.816068032900868e-11,7.990796165774672e-12,3.157714673010637e-11,7.218852785935977e-13,3.779499200315579e-11,2.2447069684274635e-12,2.5392384182336542e-11,6.776127949322872e-13,3.747047284837095e-11,7.227697690216807e-13,2.041914712273026e-11,6.402439369151958e-13,3.7171828884116134e-11,2.5205163892655567e-13
4.0,6.870223979176752e-09,3.897917561201241e-11,6.802302198521967e-09,1.4384970248199044e-09,5.5270777099992616e-09,3.83669494052195e-11,6.768724704843071e-09,3.689536821773311e-10,4.4465201215442045e-09,3.776455601058016e-11,6.735384263321748e-09,1.092119878498712e-10,3.5772143927479604e-09,3.7171828883866564e-11,6.702270951672126e-09,3.567059331825428e-11
4.0,3.662442407427974e-11,2.6396434165862024e-13,3.6239791405902475e-11,5.521753502517062e-12,2.946293957313903e-11,2.5993214653716383e-13,3.6049031000801115e-11,9.557456130846397e-13,2.3701801092732086e-11,2.55961559470841e-13,3.5859300209295904e-11,1.9007222245010963e-13,1.9067187022926855e-11,2.520516389281104e-13,3.567059331825447e-11,4.314138451172605e-14
5.0,5.0613729297973845e-11,1.1915039783559018e-12,4.899454483539275e-11,1.0242936031424087e-11,4.069289108722639e-11,1.0655761304648468e-12,4.8510683758761165e-11,2.877357456198783e-12,3.2717333798294014e-11,9.759180875205315e-13,4.8085803971295844e-11,9.265217939598615e-13,2.6305441834451306e-11,9.065841748254422e-13,4.769689070375569e-11,3.231207755462806e-13
5.0,1.19150397496777e-12,5.258209211369446e-13,6.125023049991292e-13,6.635880459845238e-14,9.41239314014094e-13,4.0316242297593333e-13,5.51025332323738e-13,2.0263129679662704e-14,7.440580861435636e-13,3.2533424681538717e-13,5.120637607778894e-13,7.041375300990602e-15,5.885607116281246e-13,2.7139254000347744e-13,4.840244105421159e-13,2.587613502718781e-15
5.0,4.8994544835406035e-11,6.125023057007852e-13,4.807449165702839e-11,1.0137542100154592e-11,3.940792765911503e-11,5.955180039526057e-13,4.768313529855717e-11,2.8471871814380845e-12,3.169713651609116e-11,5.793577683389161e-13,4.73174275492592e-11,9.165469289712006e-13,2.5495117594459934e-11,5.639372210522253e-13,4.6970718719365247e-11,3.195735314185582e-13
5.0,1.024293603142414e-11,6.635880460376766e-14,1.0137542100153104e-11,1.9726980832334848e-12,8.240222501728074e-12,6.532345958247435e-14,1.0085366691959365e-11,4.835290520027602e-13,6.629082605960715e-12,6.430469548487822e-14,1.003352178535957e-11,1.397909971263145e-13,5.332955221616146e-12,6.330216794480764e-14,9.981999705298248e-12,4.5098463740690064e-14
5.0,4.069289108553232e-11,9.412391612106739e-13,3.94079276595782e-11,8.240222501709637e-12,3.2717327801491827e-11,8.451364093403935e-13,3.9020124722446446e-11,2.314734426140717e-12,2.6305432414130543e-11,7.758566992973089e-13,3.867920330666075e-11,7.453425704367342e-13,2.1150504574155168e-11,7.218849336799618e-13,3.8366949405376734e-11,2.5993214653344414e-13
5.0,1.065576131308571e-12,4.0316233335091396e-13,5.955180038084307e-13,6.532345956400934e-14,8.451365534790968e-13,3.2516246257053897e-13,5.379298644964382e-13,1.9951527317148115e-14,6.70571053640759e-13,2.711549098959564e-13,5.008566300786749e-13,6.9332151907819485e-15,5.322659559513914e-13,2.314858022342991e-13,4.739671013762332e-13,2.547871092664719e-15
5.0,4.851068375876778e-11,5.510253328047953e-13,4.7683135298573754e-11,1.008536669195969e-11,3.9020124721936864e-11,5.379298640419348e-13,4.7315519674980895e-11,2.832228659582717e-12,3.1386311209717354e-11,5.25276143256745e-13,4.696744130366905e-11,9.116016463147957e-13,2.5245981711321466e-11,5.130388813535975e-13,4.6634562633843786e-11,3.178150471660715e-13
5.0,2.8773574561987844e-12,2.0263129693314743e-14,2.8471871814373672e-12,4.835290520027602e-13,2.314734426151625e-12,1.9951527329644534e-14,2.8322286595825307e-12,1.0167131686911882e-13,1.862123712903278e-12,1.9644720552868298e-14,2.8173538467296163e-12,2.5672953767945e-14,1.4980140869226735e-12,1.9342635526091525e-14,2.8025622231184398e-12,7.442616345238144e-15
5.0,3.271733379914105e-11,7.440579006416938e-13,3.1697136515945434e-11,6.629082605944488e-12,2.6305432426815358e-11,6.70570919377765e-13,3.138631121027672e-11,1.8621237128946947e-12,2.1150500852360227e-11,6.169786798310467e-13,3.111275256339084e-11,5.995925382311823e-13,1.7006030816615885e-11,5.749341711940712e-13,3.0862044598287434e-11,2.091005178159286e-13
5.0,9.759180875205315e-13,3.253340178989429e-13,5.793577687686687e-13,6.430469549490153e-14,7.758567941008925e-13,2.71154791779528e-13,5.252761425028152e-13,1.9644720551633696e-14,6.169787079460885e-13,2.3139983350378334e-13,4.899637188130402e-13,6.826717264956029e-15,4.907656458064373e-13,2.0096532477893985e-13,4.641626251770027e-13,2.5087392855977084e-15
5.0,4.808580397130246e-11,5.120637613384271e-13,4.731742754927745e-11,1.0033521785359867e-11,3.867920330668815e-11,5.008566302985305e-13,4.696744130366241e-11,2.8173538467297573e-12,3.1112752563183085e-11,4.899637180909438e-13,4.663313143627683e-11,9.066842406011227e-13,2.5026471626424002e-11,4.793721526518157e-13,4.631145292084634e-11,3.1606657512931783e-13
5.0,9.265217939598605e-13,7.0413752854168634e-15,9.165469289714278e-13,1.3979099712632348e-13,7.453425704469744e-13,6.9332151886608395e-15,9.116016463151828e-13,2.5672953767949466e-14,5.99592538238425e-13,6.82671727316906e-15,9.0668424060099e-13,5.648670212346707e-15,4.823435968955731e-13,6.7218559602663296e-15,9.017945459584307e-13,1.4491509858328455e-15
5.0,2.6305441833604273e-11,5.885607623169254e-13,2.5495117594361266e-11,5.332955221616511e-12,2.115050454791369e-11,5.322659917149588e-13,2.5245981711139403e-11,1.4980140869232957e-12,1.7006030802231628e-11,4.907657506108413e-13,2.502647162621194e-11,4.823435968947729e-13,1.3673880777832808e-11,4.579893863113501e-13,2.4825176392136974e-11,1.6820938685518946e-13
5.0,9.065841744010986e-13,2.713924959958145e-13,5.639372205829877e-13,6.330216794363611e-14,7.21884935214175e-13,2.314857305301477e-13,5.130388813425889e-13,1.934263552513298e-14,5.74934095973575e-13,2.0096535672279395e-13,4.793721524626223e-13,6.721855967011145e-15,4.57989494672424e-13,1.768639123912774e-13,4.546024844102901e-13,2.470208689977973e-15
5.0,4.769689070375238e-11,4.840244094676568e-13,4.697071871937018e-11,9.981999705298339e-12,3.836694940504749e-11,4.739671000651811e-13,4.6634562633832225e-11,2.8025622231185117e-12,3.086204459795316e-11,4.641626244269179e-13,4.6311452920833127e-11,9.017945459582286e-13,2.4825176392497786e-11,4.546024848394466e-13,4.599913634101718e-11,3.143280560276755e-13
5.0,3.2312077554628e-13,2.5876135012390134e-15,3.1957353141852784e-13,4.509846374068799e-14,2.59932146546618e-13,2.54787108916158e-15,3.1781504716586356e-13,7.442616345236812e-15,2.0910051781840024e-13,2.508739280346749e-15,3.1606657512906696e-13,1.4491509858334691e-15,1.6820938685400332e-13,2.470208687067286e-15,3.143280560276314e-13,3.2917908848656673e-16
6.0,8.625358860371247e-09,4.929159800237063e-11,8.539612741953957e-09,1.8055696626432144e-09,6.9390707513408006e-09,4.85106837584557e-11,8.497288786596168e-09,4.632374988255813e-10,5.582458170326215e-09,4.774267118105745e-11,8.455289466406291e-09,1.3716246596577986e-10,4.491068289485539e-09,4.6987314889127456e-11,8.413595385682154e-09,4.481137401530527e-11
6.0,4.929159800237063e-11,5.645847586467366e-13,4.844383476634906e-11,1.0241533486929142e-11,3.9648146931211825e-11,5.510253318772544e-13,4.806838428357199e-11,2.8760652113834523e-12,3.189137682279149e-11,5.379353398713069e-13,4.771325308868053e-11,9.25726738424501e-13,2.5652164695629794e-11,5.252864124766657e-13,4.737387342476349e-11,3.2274495462315124e-13
6.0,8.539612741953983e-09,4.8443834766423543e-11,8.455197769959974e-09,1.7880615580791709e-09,6.870096887707008e-09,4.768313529854529e-11,8.413464782514376e-09,4.5861985810597153e-10,5.526975805731326e-09,4.693464428248715e-11,8.37202562175759e-09,1.357558328964372e-10,4.446438412474396e-09,4.619815543432813e-11,8.330868181509404e-09,4.43408958132009e-11
6.0,1.8055696626432142e-09,1.0241533486928063e-11,1.788061558079169e-09,3.5163182875575987e-10,1.4525763845914388e-09,1.0085366691959195e-11,1.779374667123034e-09,8.212773286267822e-11,1.1685941674884954e-09,9.931583080602961e-12,1.7707321928571778e-09,2.2265927452034852e-11,9.401311752690222e-10,9.780146246571591e-12,1.7621338735688367e-09,6.759174148389233e-12
6.0,6.9390707513408e-09,3.964814693247214e-11,6.870096887706955e-09,1.4525763845914399e-09,5.5824580831439455e-09,3.902012472302165e-11,6.836050603231597e-09,3.7266760318113726e-10,4.491068149274474e-09,3.8402471976910536e-11,6.802265040552719e-09,1.1034340075342979e-10,3.613048896267008e-09,3.7794992003207114e-11,6.7687247048430466e-09,3.604903100080078e-11
6.0,4.8510683758442494e-11,5.510253326143014e-13,4.7683135298565114e-11,1.0085366691960257e-11,3.9020124722551925e-11,5.379298643235445e-13,4.7315519674966606e-11,2.8322286595829625e-12,3.1386311209976106e-11,5.252761430409737e-13,4.696744130364559e-11,9.116016463150198e-13,2.524598171130806e-11,5.130388813887688e-13,4.663456263382174e-11,3.178150471661732e-13
6.0,8.497288786596168e-09,4.806838428360011e-11,8.41346478251439e-09,1.7793746671230348e-09,6.8360506032316635e-09,4.731551967498317e-11,8.372004860479461e-09,4.5632894050145534e-10,5.4995882421339134e-09,4.6574658287364446e-11,8.330828338350318e-09,1.3505809499433403e-10,4.42440725713242e-09,4.584560128070736e-11,8.289925114914562e-09,4.4107559206463114e-11
6.0,4.6323749882558135e-10,2.8760652113829483e-12,4.5861985810597127e-10,8.212773286267848e-11,3.7266760318113747e-10,2.832228659582395e-12,4.5632894050145555e-10,1.7250691184062718e-11,2.99805486545281e-10,2.7890604923058698e-12,4.540498719731483e-10,4.219026020699459e-12,2.4118901082678766e-10,2.7465505148148413e-12,4.5178258842358346e-10,1.170233982033006e-12
6.0,5.582458170326123e-09,3.1891376823721083e-11,5.526975805731353e-09,1.1685941674884956e-09,4.491068149274355e-09,3.138631121037653e-11,5.499588242133894e-09,2.998054865452818e-10,3.6130488398930483e-09,3.088957994739328e-11,5.47241007210207e-09,8.876820711944642e-11,2.9066854615601946e-09,3.0401025361451927e-11,5.445428916885178e-09,2.9000062461486998e-11
6.0,4.774267118105745e-11,5.379353385456982e-13,4.693464428247889e-11,9.931583080603517e-12,3.84024719765631e-11,5.252761420591168e-13,4.65746582873677e-11,2.789060492306101e-12,3.0889579947250634e-11,5.130340538151204e-13,4.62334647006123e-11,8.97692138711811e-13,2.484649745193321e-11,5.011862961925584e-13,4.5906942337224597e-11,3.129604609150536e-13
6.0,8.455289466406349e-09,4.771325308865402e-11,8.372025621757431e-09,1.7707321928571784e-09,6.80226504055258e-09,4.696744130366046e-11,8.330828338350396e-09,4.540498719731474e-10,5.47241007210211e-09,4.62334647006321e-11,8.289905934099475e-09,1.3436404905446304e-10,4.40254427372268e-09,4.5511129675603034e-11,8.249249767713209e-09,4.387548155239302e-11
6.0,1.3716246596578012e-10,9.257267384246955e-13,1.3575583289643732e-10,2.2265927452034875e-11,1.1034340075343012e-10,9.116016463150348e-13,1.3505809499433336e-10,4.219026020699426e-12,8.876820711944672e-11,8.976921387119409e-13,1.3436404905446312e-10,9.273714800025795e-13,7.141156249342143e-11,8.839949243362201e-13,1.336736748773176e-10,2.3275450626120694e-13
6.0,4.491068289485513e-09,2.5652164695570017e-11,4.446438412474323e-09,9.401311752690214e-10,3.6130488962670213e-09,2.524598171145363e-11,4.42440725713238e-09,2.4118901082678745e-10,2.9066854615604064e-09,2.484649745211857e-11,4.402544273722732e-09,7.141156249342182e-11,2.338418600795734e-09,2.4453585513706643e-11,4.380839572712334e-09,2.3329437864516492e-11
6.0,4.6987314889127456e-11,5.252864133224643e-13,4.61981554343546e-11,9.78014624657157e-12,3.779499200272078e-11,5.130388819020118e-13,4.584560128069082e-11,2.746550514814772e-12,3.040102536142561e-11,5.01186296132919e-13,4.551112967561963e-11,8.839949243360844e-13,2.4453585513696766e-11,4.897079718883953e-13,4.519082296646132e-11,3.081800448127089e-13
6.0,8.413595385682174e-09,4.737387342476764e-11,8.330868181509365e-09,1.7621338735688388e-09,6.768724704843107e-09,4.663456263383001e-11,8.289925114914577e-09,4.5178258842358377e-10,5.445428916885198e-09,4.5906942337203865e-11,8.249249767713248e-09,1.3367367487731792e-10,4.380839572712421e-09,4.5190822966433216e-11,8.208834601034344e-09,4.364465586866768e-11
6.0,4.481137401530521e-11,3.227449546232713e-13,4.434089581320101e-11,6.759174148389179e-12,3.6049031000801296e-11,3.1781504716620723e-13,4.4107559206462416e-11,1.170233982032987e-12,2.900006246148718e-11,3.12960460914936e-13,4.387548155239281e-11,2.327545062612167e-13,2.3329437864516308e-11,3.081800448125301e-13,4.3644655868667284e-11,5.282913412035169e-14
7.0,4.702527961067813e-10,2.9218952581900433e-12,4.6556380527641676e-10,8.334626740068465e-11,3.783112508955359e-10,2.8773574562073224e-12,4.632374988255803e-10,1.7506477280664293e-11,3.0434567331610797e-10,2.8334987751431706e-12,4.6092323077558673e-10,4.282225417180818e-12,2.4484148830348495e-10,2.790308855755558e-12,4.5862093593009454e-10,1.1880269988155351e-12
7.0,2.9218952581900437e-12,2.0579602358778094e-14,2.89125616191491e-12,4.909825046614312e-13,2.350563478977532e-12,2.0263129664548466e-14,2.8760652113829895e-12,1.0323682528807226e-13,1.8909468921199184e-12,1.9951527589704604e-14,2.8609592799347333e-12,2.6068392886732273e-14,1.5212012941955526e-12,1.9644721060100808e-14,2.8459378394836646e-12,7.557359468172637e-15
7.0,4.655638052764169e-10,2.8912561619150122e-12,4.609225087577133e-10,8.25318730037117e-11,3.74539064165998e-10,2.8471871814379464e-12,4.586198581059707e-10,1.733552761869489e-11,3.013110346465825e-10,2.8037901438738776e-12,4.5632911927580815e-10,4.239986465633464e-12,2.4240019029085534e-10,2.761054799970601e-12,4.540502278063728e-10,1.1761347314557019e-12
7.0,8.334626740068467e-11,4.909825046614671e-13,8.253187300371162e-11,1.4990550807753822e-11,6.705144156719016e-11,4.835290520027888e-13,8.212773286267832e-11,3.0997495487329784e-12,5.394237779366923e-11,4.761887676607154e-13,8.172561682235685e-11,7.32299385462835e-13,4.339623536608874e-11,4.689599330565676e-13,8.132551449850599e-11,1.9449629104446048e-13
7.0,3.78311250895536e-10,2.3505634789638637e-12,3.745390641659991e-10,6.705144156719025e-11,3.0434567187916377e-10,2.3147344261473984e-12,3.7266760318113736e-10,1.4083826028347248e-11,2.4484148599141934e-10,2.279451700491533e-12,3.708058266671055e-10,3.4449981846223434e-12,1.969712709864855e-10,2.2447069684278666e-12,3.6895368217733113e-10,9.557456130845634e-13
7.0,2.8773574562073203e-12,2.026312964819279e-14,2.847187181437857e-12,4.83529052002773e-13,2.3147344261445545e-12,1.9951527301183047e-14,2.83222865958265e-12,1.0167131686912542e-13,1.8621237128985167e-12,1.9644720557674698e-14,2.8173538467297197e-12,2.5672953767952097e-14,1.4980140869253073e-12,1.9342635514133587e-14,2.802562223118561e-12,7.442616345244568e-15
7.0,4.632374988255801e-10,2.876065211383072e-12,4.586198581059715e-10,8.212773286267822e-11,3.726676031811372e-10,2.8322286595828017e-12,4.5632894050145607e-10,1.7250691184062676e-11,2.998054865452809e-10,2.7890604923060806e-12,4.5404987197314706e-10,4.21902602069942e-12,2.4118901082678766e-10,2.7465505148147782e-12,4.5178258842358356e-10,1.170233982033026e-12
7.0,1.7506477280664306e-11,1.0323682528809145e-13,1.7335527618694878e-11,3.0997495487329844e-12,1.4083826028347177e-11,1.0167131686913381e-13,1.7250691184062763e-11,6.197562505631104e-13,1.1330329535245283e-11,1.0012955118000333e-13,1.71662774692548e-11,1.3977558758867126e-13,9.115162865721186e-12,9.861116808963089e-14,1.7082284329898784e-11,3.522309070498392e-14
7.0,3.0434567331610797e-10,1.890946892108787e-12,3.0131103464658277e-10,5.3942377793669147e-11,2.448414859914197e-10,1.8621237128973374e-12,2.9980548654528114e-10,1.1330329535245241e-11,1.9697127005644276e-10,1.8337400333132377e-12,2.983077292609012e-10,2.77145908721696e-12,1.5846040724827735e-10,1.8057891493217323e-12,2.9681772060329357e-10,7.688795639583516e-13
7.0,2.8334987751431714e-12,1.99515275687954e-14,2.8037901438737883e-12,4.761887676607089e-13,2.2794517004978086e-12,1.9644720542297647e-14,2.7890604923060782e-12,1.0012955118e-13,1.833740033317088e-12,1.9342635257649187e-14,2.7744132598780442e-12,2.5283513857074117e-14,1.4751804405594497e-12,1.904519897341356e-14,2.75984793502205e-12,7.329615550100943e-15
7.0,4.609232307755868e-10,2.860959279934728e-12,4.56329119275808e-10,8.172561682235697e-11,3.7080582666710596e-10,2.8173538467297113e-12,4.540498719731478e-10,1.7166277469254896e-11,2.983077292609012e-10,2.7744132598783035e-12,4.5178241136030787e-10,4.198170875090487e-12,2.399840988016415e-10,2.7321273788420747e-12,4.4952667370049034e-10,1.1643632804003512e-12
7.0,4.282225417180817e-12,2.6068392886737698e-14,4.239986465633414e-12,7.322993854628038e-13,3.444998184622338e-12,2.5672953767953877e-14,4.219026020699328e-12,1.397755875886554e-13,2.7714590872169696e-12,2.528351385708225e-14,4.1981708750905025e-12,2.982933068945707e-14,2.229605095669261e-12,2.4899982129852308e-14,4.17742049138536e-12,7.081231713011735e-15
7.0,2.448414883034852e-10,1.5212012941902884e-12,2.4240019029085493e-10,4.339623536608862e-11,1.9697127098648664e-10,1.4980140869217173e-12,2.4118901082678745e-10,9.115162865721115e-12,1.5846040724827717e-10,1.4751804405641442e-12,2.399840988016412e-10,2.2296050956691996e-12,1.274790012192843e-10,1.452694961969331e-12,2.3878542027595275e-10,6.185493067366909e-13
7.0,2.7903088557555572e-12,1.9644721040099378e-14,2.76105479997079e-12,4.689599330565685e-13,2.2447069684255486e-12,1.9342635505646497e-14,2.7465505148145254e-12,9.861116808963117e-14,1.8057891493175556e-12,1.904519897600852e-14,2.7321273788422593e-12,2.4899982129851128e-14,1.452694961968654e-12,1.8752339841927364e-14,2.717784888546341e-12,7.218330623372786e-15
7.0,4.586209359300946e-10,2.8459378394837446e-12,4.540502278063736e-10,8.132551449850595e-11,3.6895368217733123e-10,2.802562223118471e-12,4.517825884235813e-10,1.7082284329898732e-11,2.968177206032943e-10,2.7598479350220103e-12,4.49526673700491e-10,4.177420491385269e-12,2.3878542027595286e-10,2.7177848885463917e-12,4.4728242025835333e-10,1.1585224712957725e-12
7.0,1.1880269988155357e-12,7.557359468166418e-15,1.1761347314557685e-12,1.944962910444316e-13,9.557456130845709e-13,7.442616345241405e-15,1.170233982032979e-12,3.522309070497236e-14,7.688795639583239e-13,7.329615550102745e-15,1.1643632804003623e-12,7.081231713007111e-15,6.185493067366694e-13,7.218330623378547e-15,1.158522471295761e-12,1.5773845859018437e-15
8.0,5.6681523998882285e-09,3.3342609750471926e-11,5.610555584775949e-09,1.18580401161619e-09,4.559981352413401e-09,3.2717333805129835e-11,5.582458170326223e-09,3.043456733161165e-10,3.668468057244808e-09,3.213457457059874e-11,5.554645633127574e-09,9.015172482185633e-11,2.951253567105551e-09,3.1577151192461224e-11,5.527077794391377e-09,2.946293964020802e-11
8.0,3.334260977080072e-11,8.585735090370302e-13,3.2211772065050465e-11,6.731750433969555e-12,2.680303600932364e-11,7.440577055362571e-13,3.1891376823349447e-11,1.8909468921239505e-12,2.1546971661385786e-11,6.70709656934097e-13,3.1610878100960726e-11,6.088835290167386e-13,1.7322225170388436e-11,6.171737107290758e-13,3.1354464203937094e-11,2.1234418355302173e-13
8.0,5.6105555847758686e-09,3.2211772065910203e-11,5.554571763185181e-09,1.1743012891480504e-09,4.513668541896891e-09,3.1697136516267194e-11,5.526975805731316e-09,3.013110346465836e-10,3.631227681540216e-09,3.119135287986089e-11,5.499604067509206e-09,8.922693358652645e-11,2.9213078062534807e-09,3.069420720324216e-11,5.472439905990558e-09,2.9153520415746495e-11
8.0,1.1858040116161898e-09,6.731750433950705e-12,1.1743012891480494e-09,2.309105103347216e-10,9.53976298684247e-10,6.629082605943447e-12,1.1685941674884964e-09,5.3942377793669095e-11,7.674715044761504e-10,6.527982246277102e-12,1.162916285903892e-09,1.4628748708905805e-11,6.17428879204398e-10,6.4284253314687475e-12,1.1572674649802265e-09,4.442107652243427e-12
8.0,4.559981352406625e-09,2.6803036033076958e-11,4.513668541896693e-09,9.539762986842473e-10,3.6684679943380137e-09,2.6305432430706415e-11,4.49106814927477e-09,2.4484148599141774e-10,2.951253466255721e-09,2.583919464238399e-11,4.468695983979924e-09,7.252455267554537e-11,2.374260576728031e-09,2.5392384222414477e-11,4.44652012154424e-09,2.3701801092732325e-11
8.0,3.271733380597687e-11,7.440577690140973e-13,3.1697136515949777e-11,6.629082605954749e-12,2.63054324217952e-11,6.705708646874781e-13,3.138631121021088e-11,1.862123712898955e-12,2.1150500847409137e-11,6.169788088747378e-13,3.111275256308052e-11,5.995925382346256e-13,1.7006030805826968e-11,5.749341813617752e-13,3.086204459821022e-11,2.0910051781989938e-13
8.0,5.582458170326248e-09,3.189137682310687e-11,5.52697580573133e-09,1.1685941674884962e-09,4.491068149274452e-09,3.138631120974051e-11,5.499588242133835e-09,2.9980548654528177e-10,3.6130488398926876e-09,3.0889579947089204e-11,5.4724100721020825e-09,8.876820711944625e-11,2.9066854615601107e-09,3.040102536128338e-11,5.445428916885204e-09,2.9000062461487253e-11
8.0,3.0434567331611655e-10,1.8909468921158794e-12,3.013110346465825e-10,5.3942377793669095e-11,2.4484148599141996e-10,1.8621237128948187e-12,2.99805486545282e-10,1.1330329535245228e-11,1.9697127005644186e-10,1.8337400333127526e-12,2.9830772926090073e-10,2.771459087217009e-12,1.5846040724827844e-10,1.8057891493217111e-12,2.96817720603293e-10,7.688795639583605e-13
8.0,3.6684680572414133e-09,2.1546971683416915e-11,3.6312276815404147e-09,7.674715044761483e-10,2.951253466257415e-09,2.115050085630257e-11,3.6130488398930582e-09,1.9697127005644103e-10,2.374260536294384e-09,2.0777352723648078e-11,3.595052847987169e-09,5.83439839191928e-11,1.910074576985859e-09,2.0419144307203806e-11,3.5772143381672914e-09,1.906718697952392e-11
8.0,3.213457457123236e-11,6.707095283612785e-13,3.1191352879410673e-11,6.5279822462767234e-12,2.5839194621426542e-11,6.169786967545416e-13,3.088957994698666e-11,1.8337400333133354e-12,2.0777352710528786e-11,5.748618589302981e-13,3.062270452560936e-11,5.904433579445006e-13,1.6707290621480607e-11,5.402814949384849e-13,3.037753175986755e-11,2.0590641210795739e-13
8.0,5.5546456331276e-09,3.16108781010592e-11,5.499604067509239e-09,1.162916285903892e-09,4.468695983980068e-09,3.1112752563313534e-11,5.472410072102069e-09,2.9830772926090125e-10,3.5950528479872743e-09,3.062270452578657e-11,5.445414759768395e-09,8.831190890088998e-11,2.892209616871451e-09,3.0140592448537425e-11,5.418608408817105e-09,2.8847432773905567e-11
8.0,9.015172482185628e-11,6.088835290149331e-13,8.922693358652675e-11,1.4628748708905708e-11,7.252455267554464e-11,5.995925382336573e-13,8.87682071194464e-11,2.771459087216931e-12,5.834398391919231e-11,5.904433579443228e-13,8.831190890089022e-11,6.091847258055868e-13,4.693611144763503e-11,5.814338230512174e-13,8.785802563754558e-11,1.5291016163456054e-13
8.0,2.9512535671047038e-09,1.7322225131387698e-11,2.9213078062533885e-09,6.174288792043924e-10,2.3742605767242226e-09,1.7006030789087728e-11,2.906685461560263e-09,1.5846040724827668e-10,1.9100745769820435e-09,1.670729062665338e-11,2.8922096168713786e-09,4.693611144763535e-11,1.5366407520474581e-09,1.6420069109309528e-11,2.877860113309806e-09,1.5338818366940956e-11
8.0,3.157715119246205e-11,6.171740334091308e-13,3.069420720310973e-11,6.428425331470816e-12,2.539238419150253e-11,5.749343320370665e-13,3.040102536154132e-11,1.8057891493223664e-12,2.0419144284768082e-11,5.402814820329164e-13,3.014059244851421e-11,5.814338230532041e-13,1.642006909401992e-11,5.109291455671343e-13,2.990079185608427e-11,2.0276110901272695e-13
8.0,5.52707779439135e-09,3.135446420396779e-11,5.472439905990591e-09,1.157267464980228e-09,4.446520121544008e-09,3.086204459821977e-11,5.445428916885178e-09,2.968177206032935e-10,3.5772143381672848e-09,3.037753175999968e-11,5.418608408816992e-09,8.785802563754602e-11,2.877860113309816e-09,2.990079185599668e-11,5.391970443471058e-09,2.869562675717823e-11
8.0,2.946293964020804e-11,2.1234418354602058e-13,2.915352041574608e-11,4.442107652243479e-12,2.3701801092732564e-11,2.0910051781722227e-13,2.9000062461487447e-11,7.688795639583816e-13,1.9067186979523567e-11,2.0590641210688638e-13,2.8847432773906058e-11,1.529101616345873e-13,1.533881836694169e-11,2.027611090119095e-13,2.869562675717822e-11,3.4706571292773264e-14
9.0,4.970212928910291e-11,1.0658151723235873e-12,4.8212302257001945e-11,1.0086719283359728e-11,3.996419651402849e-11,9.75918125089007e-13,4.774267118067857e-11,2.8334987751374227e-12,3.2134574622225975e-11,9.064625356116343e-13,4.732823011833184e-11,9.12383959576117e-13,2.5839202692945358e-11,8.499907446319259e-13,4.694793591812601e-11,3.181849458509026e-13
9.0,1.0658151697857972e-12,4.0342666201096513e-13,5.955288353882024e-13,6.532347207138421e-14,8.453181803543256e-13,3.2533417988737663e-13,5.379353385014279e-13,1.9951527594415164e-14,6.707096112331954e-13,2.712734103752047e-13,5.008601155330209e-13,6.93321524008563e-15,5.323715946443765e-13,2.3157144341225244e-13,4.739696052823706e-13,2.547871114074668e-15
9.0,4.8212302257028415e-11,5.95528835477861e-13,4.73173339589168e-11,9.98295420818189e-12,3.877892578811918e-11,5.793577684998092e-13,4.693464428245033e-11,2.8037901438737265e-12,3.1191352880021637e-11,5.639282523048744e-13,4.657650624415859e-11,9.025617442321776e-13,2.5088412223874392e-11,5.491716983439496e-13,4.6236644668962133e-11,3.146920190319178e-13
9.0,1.0086719283359753e-11,6.532347204544833e-14,9.982954208182175e-12,1.9427504187474082e-12,8.114550036390877e-12,6.430469550414715e-14,9.93158308060391e-12,4.761887676607103e-13,6.5279822462897265e-12,6.330215718918322e-14,9.880536729413769e-12,1.3766652788708202e-13,5.251622502839191e-12,6.231554526059488e-14,9.829807771693865e-12,4.441220309685014e-14
9.0,3.996419651487387e-11,8.453181664709262e-13,3.8778925787747556e-11,8.114550036376551e-12,3.2134569471432685e-11,7.758566476522873e-13,3.840247197647641e-11,2.2794517004895363e-12,2.583919461812237e-11,7.217912297527546e-13,3.8069902884185815e-11,7.339693741450111e-13,2.0777355889086095e-11,6.776125105267063e-13,3.7764556010929615e-11,2.5596155947111344e-13
9.0,9.75918124241974e-13,3.253341693077366e-13,5.793577679693537e-13,6.430469551487728e-14,7.75856677122251e-13,2.711548294993775e-13,5.252761420702643e-13,1.964472056470411e-14,6.169787494488418e-13,2.3139981945267307e-13,4.899637191393581e-13,6.8267172719693545e-15,4.907656777420196e-13,2.009653270893587e-13,4.641626248491048e-13,2.508739288157318e-15
9.0,4.774267118069181e-11,5.37935338261888e-13,4.693464428245693e-11,9.931583080603716e-12,3.840247197701271e-11,5.252761419701625e-13,4.657465828732698e-11,2.7890604923061832e-12,3.088957994748683e-11,5.130340543937074e-13,4.6233464700582715e-11,8.976921387118426e-13,2.4846497452008216e-11,5.011862963163657e-13,4.590694233721805e-11,3.129604609150815e-13
9.0,2.8334987751374227e-12,1.9951527582882576e-14,2.803790143873794e-12,4.761887676607106e-13,2.2794517004967427e-12,1.9644720560483626e-14,2.789060492306303e-12,1.0012955118000229e-13,1.8337400333193927e-12,1.9342635265131965e-14,2.7744132598780487e-12,2.5283513857076468e-14,1.4751804405623406e-12,1.904519898241142e-14,2.7598479350221136e-12,7.329615550103574e-15
9.0,3.2134574623284767e-11,6.707095029097582e-13,3.119135287976313e-11,6.527982246275866e-12,2.5839194619195222e-11,6.169786910118402e-13,3.088957994730147e-11,1.8337400333127595e-12,2.0777352707030226e-11,5.748618831468377e-13,3.0622704525810724e-11,5.904433579434945e-13,1.6707290629536933e-11,5.402814919262033e-13,3.037753176012129e-11,2.0590641210729187e-13
9.0,9.064625351872907e-13,2.7127327147958574e-13,5.639282508873e-13,6.330215719862507e-14,7.21790916109441e-13,2.3139973101631224e-13,5.130340531282147e-13,1.9342635269015694e-14,5.748616947192301e-13,2.0090110747659143e-13,4.793689927726229e-13,6.72185592346294e-15,4.579334347693676e-13,1.7681451802323087e-13,4.5460018064271857e-13,2.470208678593809e-15
9.0,4.7328230118318576e-11,5.00860113646293e-13,4.6576506244158573e-11,9.880536729414113e-12,3.8069902884420676e-11,4.899637187371464e-13,4.6233464700592563e-11,2.7744132598782167e-12,3.062270452594969e-11,4.793689928442936e-13,4.590555176969675e-11,8.928499817903726e-13,2.463233527149554e-11,4.690638694530167e-13,4.5589860959323586e-11,3.1123876122981857e-13
9.0,9.123839595761171e-13,6.9332152439292976e-15,9.025617442321326e-13,1.376665278870837e-13,7.33969374146193e-13,6.826717270155298e-15,8.976921387119002e-13,2.5283513857076954e-14,5.90443357947434e-13,6.721855920743676e-15,8.928499817904806e-13,5.5630253410169096e-15,4.749835286359698e-13,6.6186060357667235e-15,8.880351101612255e-13,1.4271721928062053e-15
9.0,2.583920269252184e-11,5.323719049706959e-13,2.5088412223675908e-11,5.251622502841206e-12,2.0777355878061846e-11,4.907658041862956e-13,2.484649745226974e-11,1.4751804405624739e-12,1.670729062011059e-11,4.579335767811827e-13,2.4632335271609624e-11,4.749835286374287e-13,1.3434642963575875e-11,4.3085179114694375e-13,2.4435475984395365e-11,1.6563991507853506e-13
9.0,8.499907454785453e-13,2.3157151201509693e-13,5.491716976521358e-13,6.231554526422127e-14,6.776125834714219e-13,2.0096537953953717e-13,5.011862961817162e-13,1.9045198985621396e-14,5.402814941350857e-13,1.7681450834811283e-13,4.690638690609783e-13,6.618606037336773e-15,4.3085173006658315e-13,1.572740263210867e-13,4.452741731732433e-13,2.432270049859343e-15
9.0,4.6947935918116087e-11,4.739696046562756e-13,4.6236644668987014e-11,9.829807771693833e-12,3.776455601058639e-11,4.641626247720073e-13,4.590694233720145e-11,2.759847935022023e-12,3.037753176008704e-11,4.5460018104869704e-13,4.5589860959347587e-11,8.880351101613288e-13,2.4435475984054792e-11,4.4527417261785693e-13,4.528324261207821e-11,3.09526861610353e-13
9.0,3.181849458509033e-13,2.5478711057465487e-15,3.146920190318346e-13,4.441220309685159e-14,2.559615594726448e-13,2.5087392841719796e-15,3.129604609149626e-13,7.329615550104673e-15,2.0590641210843323e-13,2.4702086784113053e-15,3.112387612298745e-13,1.4271721928090888e-15,1.6563991507931782e-13,2.43227005536441e-15,3.095268616104471e-13,3.241878069761125e-16
10.0,8.582374864286974e-09,4.8855873688918105e-11,8.497313346722708e-09,1.7967967207968929e-09,6.904494849593268e-09,4.8085803971919273e-11,8.455289466406329e-09,4.609232307755871e-10,5.554645633127749e-09,4.732823011840224e-11,8.413573432010295e-09,1.3645739136073738e-10,4.4686961218094855e-09,4.658293266397867e-11,8.372150035870585e-09,4.457552361081355e-11
10.0,4.8855873688947884e-11,5.235950679891147e-13,4.8070354370495003e-11,1.0188877464409686e-11,3.929855036219801e-11,5.120637609455858e-13,4.771325308870138e-11,2.8609592799344417e-12,3.1610878100933073e-11,5.008601141145079e-13,4.7372400239891777e-11,9.20732914074802e-13,2.5427102330991427e-11,4.899703520637482e-13,4.704460444061512e-11,3.209692938007717e-13
10.0,8.497313346722708e-09,4.807035437051317e-11,8.413486583035249e-09,1.7793758465992157e-09,6.836070317959922e-09,4.731742754929239e-11,8.372025621757623e-09,4.5632911927580986e-10,5.4996040675092116e-09,4.6576506244189754e-11,8.330848210795724e-09,1.3505813075420156e-10,4.424419960540911e-09,4.58473915148934e-11,8.289944214457935e-09,4.410756753403502e-11
10.0,1.796796720796892e-09,1.0188877464409501e-11,1.7793758465992142e-09,3.4993487320314963e-10,1.4455186424632408e-09,1.0033521785359634e-11,1.7707321928571776e-09,8.172561682235708e-11,1.162916285903892e-09,9.88053672941369e-12,1.762132709769341e-09,2.2154594097464118e-11,9.355633773313555e-10,9.72988608726992e-12,1.7535771391266062e-09,6.724659348045603e-12
10.0,6.904494849593321e-09,3.929855036124942e-11,6.836070317959961e-09,1.4455186424632406e-09,5.554645547431421e-09,3.8679203306766723e-11,6.802265040552559e-09,3.708058266671057e-10,4.468695983979918e-09,3.806990288399714e-11,6.768707075346167e-09,1.0977619331075993e-10,3.5950529034064683e-09,3.7470472848382055e-11,6.735384263321818e-09,3.5859300209295406e-11
10.0,4.8085803971939126e-11,5.120637611414434e-13,4.7317427549262653e-11,1.0033521785359556e-11,3.8679203306911687e-11,5.008566297720252e-13,4.696744130365582e-11,2.8173538467295667e-12,3.1112752563100606e-11,4.899637180916272e-13,4.663313143627266e-11,9.066842406009241e-13,2.502647162623522e-11,4.793721525068539e-13,4.6311452920825786e-11,3.1606657512913017e-13
10.0,8.455289466406322e-09,4.771325308871294e-11,8.372025621757643e-09,1.770732192857179e-09,6.802265040552612e-09,4.696744130368729e-11,8.330828338350327e-09,4.540498719731468e-10,5.472410072102099e-09,4.623346470064685e-11,8.289905934099343e-09,1.343640490544626e-10,4.40254427372269e-09,4.5511129675644076e-11,8.24924976771334e-09,4.387548155239242e-11
10.0,4.60923230775587e-10,2.8609592799344562e-12,4.5632911927581017e-10,8.172561682235708e-11,3.708058266671065e-10,2.817353846729525e-12,4.540498719731479e-10,1.7166277469254993e-11,2.9830772926090135e-10,2.774413259878059e-12,4.517824113603073e-10,4.198170875090517e-12,2.399840988016413e-10,2.7321273788420666e-12,4.495266737004931e-10,1.164363280400386e-12
10.0,5.5546456331277095e-09,3.161087810111395e-11,5.499604067509205e-09,1.1629162859038913e-09,4.468695983979713e-09,3.111275256333742e-11,5.472410072102112e-09,2.9830772926090094e-10,3.595052847986941e-09,3.062270452564517e-11,5.445414759768427e-09,8.83119089008899e-11,2.892209616871352e-09,3.0140592448489526e-11,5.4186084088171e-09,2.8847432773905838e-11
10.0,4.732823011842871e-11,5.008601137916959e-13,4.657650624416827e-11,9.880536729413774e-12,3.806990288439066e-11,4.899637179222232e-13,4.623346470062039e-11,2.774413259878064e-12,3.062270452602723e-11,4.793689920542117e-13,4.590555176971803e-11,8.928499817903886e-13,2.463233527149739e-11,4.690638686814592e-13,4.5589860959368396e-11,3.112387612297613e-13
10.0,8.413573432010308e-09,4.737240023987523e-11,8.330848210795731e-09,1.7621327097693422e-09,6.768707075346266e-09,4.6633131436266076e-11,8.289905934099316e-09,4.5178241136030534e-10,5.4454147597684935e-09,4.590555176970727e-11,8.249231281062695e-09,1.3367363944925206e-10,4.380828203984983e-09,4.518947172218906e-11,8.208816731748433e-09,4.3644647618028426e-11
10.0,1.3645739136073761e-10,9.207329140751014e-13,1.350581307542018e-10,2.2154594097464176e-11,1.0977619331076018e-10,9.066842406009931e-13,1.3436404905446273e-10,4.198170875090487e-12,8.831190890089001e-11,8.928499817904826e-13,1.336736394492524e-10,9.227878822244696e-13,7.104448679823181e-11,8.792268642796295e-13,1.3298688185194273e-10,2.3159584431615885e-13
10.0,4.468696121809492e-09,2.5427102331695946e-11,4.424419960540878e-09,9.355633773313565e-10,3.5950529034064154e-09,2.5026471626473194e-11,4.402544273722755e-09,2.399840988016416e-10,2.8922096168713124e-09,2.463233527159764e-11,4.380828203984986e-09,7.104448679823186e-11,2.3267743280248402e-09,2.424457959555489e-11,4.359263978261951e-09,2.3206654306055577e-11
10.0,4.6582932663988594e-11,4.899703522433449e-13,4.584739151490825e-11,9.729886087270481e-12,3.747047284839708e-11,4.793721521733224e-13,4.551112967562593e-11,2.7321273788422185e-12,3.01405924483955e-11,4.690638688747545e-13,4.5189471722179126e-11,8.792268642797348e-13,2.4244579595417958e-11,4.590341574566381e-13,4.4879642365503e-11,3.064847074258858e-13
10.0,8.372150035870605e-09,4.704460444061926e-11,8.289944214457968e-09,1.753577139126608e-09,6.735384263321811e-09,4.6311452920829094e-11,8.249249767713346e-09,4.495266737004925e-10,5.418608408817047e-09,4.558986095932042e-11,8.208816731748486e-09,1.329868818519433e-10,4.359263978261971e-09,4.487964236550467e-11,8.168638454062646e-09,4.341505878806499e-11
10.0,4.457552361081365e-11,3.209692938005323e-13,4.410756753403537e-11,6.724659348045552e-12,3.5859300209295063e-11,3.1606657512906136e-13,4.3875481552392166e-11,1.1643632804003803e-12,2.8847432773906123e-11,3.112387612296752e-13,4.3644647618028645e-11,2.3159584431617273e-13,2.3206654306055725e-11,3.0648470742567797e-13,4.34150587880648e-11,5.256614191774956e-14
11.0,1.393002860100246e-10,9.408787626636196e-13,1.378712928157017e-10,2.2603365793297374e-11,1.1206320069707357e-10,9.265217939543263e-13,1.3716246596578022e-10,4.282225417180913e-12,9.015172482185111e-11,9.123839595782014e-13,1.3645739136073787e-10,9.41261313554508e-13,7.252455314044362e-11,8.984619138760556e-13,1.3575604845833072e-10,2.362658537234615e-13
11.0,9.408787626636204e-13,7.151223488574557e-15,9.307488747474411e-13,1.4194825650865928e-13,7.568920493248793e-13,7.04137530456183e-15,9.257267384242575e-13,2.606839288672962e-14,6.088835290189828e-13,6.933215261090114e-15,9.207329140746172e-13,5.73563375046953e-15,4.898177445894727e-13,6.826717360365454e-15,9.157672332237948e-13,1.4714682892300165e-15
11.0,1.378712928157018e-10,9.307488747478462e-13,1.3645724698140936e-10,2.2377831855474877e-11,1.1091362670284589e-10,9.165469289710494e-13,1.3575583289643717e-10,4.239986465633404e-12,8.922693358652812e-11,9.025617442322296e-13,1.3505813075420205e-10,9.319781723952123e-13,7.178059160182864e-11,8.88790011233642e-13,1.3436412024163638e-10,2.3391904168149425e-13
11.0,2.260336579329737e-11,1.4194825650865996e-13,2.2377831855474806e-11,3.816839024684142e-12,1.818403025435197e-11,1.397909971263247e-13,2.2265927452034826e-11,7.322993854628315e-13,1.4628748708905827e-11,1.3766652788709745e-13,2.21545940974643e-11,1.5953471058202716e-13,1.176858413718157e-11,1.3557435030409968e-13,2.2043828815647455e-11,3.9102044225220536e-14
11.0,1.1206320069707353e-10,7.568920493120517e-13,1.1091362670284556e-10,1.81840302543521e-11,9.01517245329218e-11,7.453425704411339e-13,1.1034340075343017e-10,3.4449981846223603e-12,7.252455267554638e-11,7.339693741462959e-13,1.0977619331076036e-10,7.572331298284752e-13,5.834398410620247e-11,7.227697690213788e-13,1.0921198784987124e-10,1.9007222245005442e-13
11.0,9.265217939543261e-13,7.0413752977499945e-15,9.16546928971058e-13,1.3979099712631982e-13,7.453425704462281e-13,6.9332151971848106e-15,9.116016463149867e-13,2.5672953767947254e-14,5.995925382365995e-13,6.826717283146122e-15,9.066842406008428e-13,5.648670212346708e-15,4.823435968985663e-13,6.7218559676028385e-15,9.017945459583182e-13,1.449150985831927e-15
11.0,1.371624659657803e-10,9.257267384243334e-13,1.357558328964374e-10,2.2265927452034926e-11,1.1034340075343069e-10,9.116016463148783e-13,1.3505809499433104e-10,4.219026020699428e-12,8.876820711944781e-11,8.976921387116866e-13,1.3436404905446296e-10,9.273714800025754e-13,7.141156249342139e-11,8.839949243361555e-13,1.3367367487731787e-10,2.3275450626120063e-13
11.0,4.282225417180917e-12,2.6068392886730102e-14,4.2399864656333815e-12,7.322993854628186e-13,3.4449981846222977e-12,2.5672953767949927e-14,4.219026020699413e-12,1.3977558758867093e-13,2.7714590872169906e-12,2.5283513857083918e-14,4.198170875090563e-12,2.9829330689457494e-14,2.2296050956692505e-12,2.489998212984865e-14,4.177420491385276e-12,7.081231713014602e-15
11.0,9.015172482185117e-11,6.088835290138207e-13,8.922693358652718e-11,1.4628748708905737e-11,7.252455267554733e-11,5.995925382347402e-13,8.876820711944697e-11,2.7714590872169603e-12,5.83439839191928e-11,5.904433579455942e-13,8.831190890089049e-11,6.091847258055635e-13,4.693611144763703e-11,5.814338230523744e-13,8.785802563754581e-11,1.5291016163455667e-13
11.0,9.123839595782004e-13,6.933215238341918e-15,9.025617442321463e-13,1.376665278870893e-13,7.339693741478396e-13,6.8267172668664034e-15,8.976921387118657e-13,2.528351385707981e-14,5.904433579455677e-13,6.7218559190401975e-15,8.928499817904491e-13,5.563025341021503e-15,4.749835286333026e-13,6.618606033626023e-15,8.880351101613472e-13,1.427172192809033e-15
11.0,1.3645739136073772e-10,9.207329140749389e-13,1.3505813075420244e-10,2.215459409746425e-11,1.0977619331076058e-10,9.066842406008849e-13,1.3436404905446219e-10,4.198170875090518e-12,8.831190890089033e-11,8.928499817905037e-13,1.3367363944925185e-10,9.227878822244423e-13,7.104448679823158e-11,8.792268642797326e-13,1.3298688185194384e-10,2.3159584431615037e-13
11.0,9.412613135545074e-13,5.735633750467556e-15,9.319781723951602e-13,1.5953471058203846e-13,7.572331298285347e-13,5.6486702123514495e-15,9.273714800025799e-13,2.982933068946405e-14,6.091847258056334e-13,5.563025341015715e-15,9.227878822244722e-13,6.1694317099835746e-15,4.900816103053329e-13,5.478679139018748e-15,9.182272616884646e-13,1.407862147990717e-15
11.0,7.252455314044358e-11,4.898177445781252e-13,7.178059160182848e-11,1.176858413718147e-11,5.834398410620126e-11,4.82343596895298e-13,7.141156249342242e-11,2.2296050956692275e-12,4.693611144763456e-11,4.749835286386892e-13,7.104448679823175e-11,4.900816103053243e-13,3.7758795690298044e-11,4.677357981042243e-13,7.067935382261181e-11,1.230138592412182e-13
11.0,8.984619138760562e-13,6.8267173569329635e-15,8.887900112332705e-13,1.3557435030410137e-13,7.227697690237126e-13,6.721855964554694e-15,8.839949243360727e-13,2.4899982129850042e-14,5.814338230521701e-13,6.618606033932403e-15,8.792268642796912e-13,5.478679139018862e-15,4.677357981051623e-13,6.5169427960879055e-15,8.744856702821604e-13,1.4055267751403066e-15
11.0,1.3575604845833072e-10,9.157672332238162e-13,1.3436412024163477e-10,2.2043828815647387e-11,1.0921198784987065e-10,9.017945459584123e-13,1.3367367487731807e-10,4.177420491385311e-12,8.785802563754591e-11,8.880351101613038e-13,1.3298688185194276e-10,9.182272616884191e-13,7.067935382261198e-11,8.744856702821573e-13,1.3230372119109053e-10,2.304430258475363e-13
11.0,2.362658537234616e-13,1.4714682892313092e-15,2.3391904168150844e-13,3.9102044225225156e-14,1.9007222245008438e-13,1.4491509858361832e-15,2.3275450626124143e-13,7.0812317130143e-15,1.5291016163454597e-13,1.427172192808263e-15,2.315958443161121e-13,1.407862147983245e-15,1.2301385924122734e-13,1.4055267751372353e-15,2.30443025847581e-13,3.070468953564062e-16
12.0,4.559981509335817e-09,2.6803048289352537e-11,4.513668684982063e-09,9.539763129491739e-10,3.668468120108551e-09,2.6305441826087683e-11,4.491068289485673e-09,2.4484148830348945e-10,2.951253567071059e-09,2.5839202633391662e-11,4.468696121809291e-09,7.25245531404475e-11,2.374260657585308e-09,2.5392391356497777e-11,4.4465202572818944e-09,2.370180120063719e-11
12.0,2.6803048287651853e-11,6.744679397516055e-13,2.590893008053802e-11,5.415548912684816e-12,2.154697642984379e-11,5.885608425460002e-13,2.5652164695250887e-11,1.5212012941900126e-12,1.7322225156347046e-11,5.323718018047299e-13,2.542710233070043e-11,4.89817744579477e-13,1.392625215117481e-11,4.909156435706159e-13,2.5221234814866342e-11,1.7081872672160794e-13
12.0,4.5136686849820895e-09,2.5908930080511473e-11,4.468636864350435e-09,9.447224955538575e-10,3.631227739064101e-09,2.5495117594522166e-11,4.446438412474367e-09,2.424001902908555e-10,2.921307806253272e-09,2.5088412223609927e-11,4.4244199605408886e-09,7.178059160182789e-11,2.35018025429669e-09,2.46886438346134e-11,4.402568227293772e-09,2.3452887717303833e-11
12.0,9.539763129491737e-10,5.41554891268638e-12,9.447224955538587e-10,1.8576725938790123e-10,7.674715102141234e-10,5.3329552216153466e-12,9.40131175269019e-10,4.339623536608854e-11,6.174288792043927e-10,5.251622502840951e-12,9.355633773313549e-10,1.1768584137181462e-11,4.967199695855739e-10,5.17153143390614e-12,9.310189575018245e-10,3.57356055269539e-12
12.0,3.668468120110245e-09,2.154697636890043e-11,3.6312277390639826e-09,7.674715102141233e-10,2.951253516658684e-09,2.1150504527434353e-11,3.613048896267173e-09,1.9697127098648292e-10,2.3742605767210934e-09,2.0777355881581706e-11,3.5950529034065163e-09,5.834398410620031e-11,1.910074609416326e-09,2.041914714632662e-11,3.577214392747751e-09,1.9067187022927805e-11
12.0,2.6305441825662512e-11,5.885608195925654e-13,2.5495117594648246e-11,5.332955221611448e-12,2.115050456721719e-11,5.32266036600674e-13,2.524598171115738e-11,1.4980140869203378e-12,1.700603080506803e-11,4.907657883672936e-13,2.5026471626206486e-11,4.823435968932689e-13,1.3673880783395184e-11,4.579893818988586e-13,2.482517639227687e-11,1.6820938685346707e-13
12.0,4.491068289485686e-09,2.565216469566089e-11,4.446438412474275e-09,9.401311752690205e-10,3.6130488962670937e-09,2.5245981711362502e-11,4.424407257132505e-09,2.4118901082678776e-10,2.9066854615602174e-09,2.4846497452135427e-11,4.402544273722864e-09,7.141156249342183e-11,2.3384186007956032e-09,2.4453585513837587e-11,4.380839572712297e-09,2.3329437864516805e-11
12.0,2.4484148830348955e-10,1.5212012941941208e-12,2.42400190290855e-10,4.3396235366088546e-11,1.9697127098648336e-10,1.4980140869229574e-12,2.4118901082678735e-10,9.115162865721079e-12,1.584604072482778e-10,1.4751804405641414e-12,2.399840988016412e-10,2.2296050956692105e-12,1.2747900121928643e-10,1.4526949619703184e-12,2.387854202759519e-10,6.185493067366977e-13
12.0,2.951253567071059e-09,1.7322225125024197e-11,2.921307806253232e-09,6.174288792043947e-10,2.3742605767164405e-09,1.7006030790246194e-11,2.906685461560131e-09,1.5846040724827764e-10,1.910074576984249e-09,1.6707290621055023e-11,2.8922096168713836e-09,4.693611144763665e-11,1.5366407520457339e-09,1.6420069108010854e-11,2.8778601133097644e-09,1.533881836694206e-11
12.0,2.583920263487397e-11,5.323716434691258e-13,2.5088412223656262e-11,5.251622502841942e-12,2.0777355894699963e-11,4.907656850809728e-13,2.484649745218495e-11,1.4751804405624286e-12,1.6707290629521423e-11,4.579334355158981e-13,2.4632335271432468e-11,4.749835286370173e-13,1.3434642964251061e-11,4.30851694011021e-13,2.4435475984370052e-11,1.6563991507848884e-13
12.0,4.468696121809331e-09,2.5427102331407137e-11,4.424419960540836e-09,9.355633773313573e-10,3.5950529034064638e-09,2.5026471626509402e-11,4.4025442737228775e-09,2.399840988016415e-10,2.8922096168712843e-09,2.463233527135824e-11,4.380828203985003e-09,7.104448679823142e-11,2.3267743280248477e-09,2.4244579595447507e-11,4.359263978261849e-09,2.320665430605583e-11
12.0,7.25245531404476e-11,4.898177445795323e-13,7.178059160182828e-11,1.176858413718147e-11,5.834398410620004e-11,4.823435968950033e-13,7.141156249342207e-11,2.2296050956692347e-12,4.693611144763527e-11,4.749835286373087e-13,7.104448679823162e-11,4.900816103053333e-13,3.775879569029896e-11,4.677357981039958e-13,7.067935382261171e-11,1.230138592412125e-13
12.0,2.3742606575848862e-09,1.392625216305726e-11,2.350180254296796e-09,4.96719969585573e-10,1.910074609419291e-09,1.3673880787431825e-11,2.3384186007958146e-09,1.2747900121928436e-10,1.5366407520484838e-09,1.343464297368123e-11,2.3267743280248973e-09,3.775879569029835e-11,1.236216214929392e-09,1.3204307144503233e-11,2.315231415342639e-09,1.2339489317727941e-11
12.0,2.539239135702676e-11,4.909155598791699e-13,2.468864383482499e-11,5.171531433911373e-12,2.04191471645187e-11,4.579893519378598e-13,2.4453585513897144e-11,1.452694961972414e-12,1.6420069115787283e-11,4.308517185611212e-13,2.4244579595470503e-11,4.677357981057971e-13,1.3204307146622884e-11,4.0778642164487726e-13,2.4052026042927705e-11,1.6310970211098643e-13
12.0,4.446520257281921e-09,2.5221234814879755e-11,4.402568227293805e-09,9.310189575018261e-10,3.57721439274785e-09,2.4825176392227362e-11,4.3808395727123206e-09,2.387854202759519e-10,2.8778601133097743e-09,2.4435475984378227e-11,4.359263978261879e-09,7.067935382261119e-11,2.3152314153426896e-09,2.4052026042946646e-11,4.337835092811099e-09,2.3084533344893954e-11
12.0,2.370180120063719e-11,1.708187267213393e-13,2.3452887717303775e-11,3.573560552695406e-12,1.906718702292649e-11,1.6820938685297053e-13,2.3329437864516802e-11,6.185493067366807e-13,1.5338818366941958e-11,1.6563991507957035e-13,2.3206654306055703e-11,1.2301385924121412e-13,1.2339489317727697e-11,1.6310970211163757e-13,2.3084533344894235e-11,2.792089564717332e-14
13.0,4.8834057378666725e-11,9.762494623803453e-13,4.7443454599623804e-11,9.932887464721181e-12,3.9268649242481223e-11,9.065841737910529e-13,4.698731488889126e-11,2.7903088557549304e-12,3.1577151256481074e-11,8.499907197275856e-13,4.658293266396569e-11,8.984619138763406e-13,2.5392391345134176e-11,8.023956932607494e-13,4.6211001948817926e-11,3.133245307009006e-13
13.0,9.762494611097959e-13,3.2567854684128345e-13,5.793774199368836e-13,6.430471851367314e-14,7.761107084598379e-13,2.7139256425103633e-13,5.252864131083861e-13,1.964472106748957e-14,6.171736507576542e-13,2.315715379393509e-13,4.899703518915557e-13,6.826717355360207e-15,4.909155904958127e-13,2.0109376435871447e-13,4.64167427616778e-13,2.508739304149395e-15
13.0,4.744345459963704e-11,5.79377421610619e-13,4.657243383991632e-11,9.830725575614236e-12,3.816068032847052e-11,5.63937221645288e-13,4.61981554343452e-11,2.7610547999708203e-12,3.069420720270568e-11,5.491716981169919e-13,4.584739151489522e-11,8.88790011233517e-13,2.4688643834547773e-11,5.350235430178689e-13,4.551421552209827e-11,3.098850892106426e-13
13.0,9.93288746472113e-12,6.430471848067086e-14,9.830725575613798e-12,1.913257501984186e-12,7.990796165772052e-12,6.330216791679452e-14,9.780146246571152e-12,4.689599330565688e-13,6.428425331463316e-12,6.231554526000278e-14,9.729886087270539e-12,1.3557435030410627e-13,5.1715314339097396e-12,6.134455900113519e-14,9.679937990337953e-12,4.37363867764723e-14
13.0,3.926864924290474e-11,7.761108795600796e-13,3.8160680328425295e-11,7.990796165772756e-12,3.157714675690392e-11,7.218849781493983e-13,3.779499200281644e-11,2.2447069684266823e-12,2.539238420629955e-11,6.776125142350604e-13,3.74704728479672e-11,7.227697690232407e-13,2.041914714324527e-11,6.402437243113736e-13,3.7171828884138e-11,2.520516389272802e-13
13.0,9.065841742137422e-13,2.7139251875155314e-13,5.639372211356995e-13,6.330216793332379e-14,7.218848800178603e-13,2.3148578347735833e-13,5.130388817982523e-13,1.934263551811269e-14,5.749341229276688e-13,2.009653912709228e-13,4.793721528251649e-13,6.721855963690127e-15,4.57989350147324e-13,1.7686394612515035e-13,4.5460248513255933e-13,2.4702086866817826e-15
13.0,4.698731488887802e-11,5.252864138945179e-13,4.619815543436832e-11,9.780146246571455e-12,3.779499200256428e-11,5.130388820058197e-13,4.584560128073821e-11,2.7465505148147423e-12,3.040102536127876e-11,5.01186296457959e-13,4.5511129675589004e-11,8.83994924336026e-13,2.4453585513865824e-11,4.89707972330882e-13,4.519082296644636e-11,3.081800448126962e-13
13.0,2.7903088557549304e-12,1.964472105348905e-14,2.7610547999706543e-12,4.689599330565689e-13,2.244706968426936e-12,1.9342635511512956e-14,2.7465505148146054e-12,9.861116808963127e-14,1.8057891493189277e-12,1.9045198982166374e-14,2.732127378842233e-12,2.4899982129852175e-14,1.4526949619715741e-12,1.875233984450404e-14,2.7177848885462782e-12,7.21833062337343e-15
13.0,3.157715125605673e-11,6.171739316882493e-13,3.0694207202871595e-11,6.4284253314684866e-12,2.5392384203751835e-11,5.749342994930929e-13,3.0401025361312146e-11,1.8057891493215861e-12,2.0419144302567768e-11,5.402814737663835e-13,3.0140592448317414e-11,5.814338230534993e-13,1.6420069105808072e-11,5.109291120638379e-13,2.9900791856080874e-11,2.02761109012773e-13
13.0,8.499907202569812e-13,2.315714868350987e-13,5.491716983717313e-13,6.231554526828927e-14,6.776125291017708e-13,2.0096537453219933e-13,5.011862964611417e-13,1.9045198985657286e-14,5.402815096248699e-13,1.7681453030396783e-13,4.690638691903659e-13,6.61860603798169e-15,4.308517194867363e-13,1.5727403624213587e-13,4.452741732008868e-13,2.432270051867619e-15
13.0,4.6582932663959074e-11,4.899703522995786e-13,4.584739151488197e-11,9.729886087270229e-12,3.7470472848129384e-11,4.793721528703885e-13,4.551112967558567e-11,2.7321273788421466e-12,3.014059244839365e-11,4.690638695012953e-13,4.518947172216512e-11,8.792268642796883e-13,2.4244579595498182e-11,4.590341579648291e-13,4.487964236547996e-11,3.064847074258387e-13
13.0,8.984619138763397e-13,6.826717359363064e-15,8.887900112332261e-13,1.3557435030410415e-13,7.227697690244455e-13,6.721855966740609e-15,8.839949243361027e-13,2.489998212985203e-14,5.814338230533143e-13,6.6186060371994495e-15,8.792268642796977e-13,5.4786791390192616e-15,4.677357981060962e-13,6.51694279569566e-15,8.744856702822016e-13,1.4055267751405827e-15
13.0,2.539239134471066e-11,4.909157250177142e-13,2.4688643834547476e-11,5.1715314339137155e-12,2.0419147150010158e-11,4.579894188751761e-13,2.4453585513733714e-11,1.452694961974036e-12,1.6420069111940893e-11,4.3085174671545413e-13,2.424457959526519e-11,4.677357981064014e-13,1.3204307142393716e-11,4.077864568840638e-13,2.405202604263719e-11,1.631097021120158e-13
13.0,8.023956935788003e-13,2.01093798426665e-13,5.350235429841096e-13,6.134455901241368e-14,6.40243672147503e-13,1.7686394874390077e-13,4.897079716240433e-13,1.875233985043905e-14,5.109290668371176e-13,1.5727399767659757e-13,4.590341578692461e-13,6.516942794074562e-15,4.077863719238778e-13,1.4111266165735934e-13,4.361747607109219e-13,2.3949142919370646e-15
13.0,4.6211001948821235e-11,4.641674274321664e-13,4.551421552210821e-11,9.6799379903379e-12,3.717182888413649e-11,4.5460248499983966e-13,4.5190822966448105e-11,2.717784888546201e-12,2.9900791856105845e-11,4.452741731115658e-13,4.487964236549321e-11,8.744856702821078e-13,2.405202604282583e-11,4.3617476079925655e-13,4.4578606495839284e-11,3.0479901958396044e-13
13.0,3.1332453070090133e-13,2.5087393089841727e-15,3.0988508921060143e-13,4.373638677647862e-14,2.520516389241253e-13,2.4702086927775688e-15,3.0818004481270654e-13,7.218330623377002e-15,2.0276110900971759e-13,2.432270049651308e-15,3.0648470742597155e-13,1.4055267751403425e-15,1.63109702109901e-13,2.3949142914403785e-15,3.047990195840111e-13,3.1927221371896444e-16
14.0,8.539771116251972e-09,4.8458073557745785e-11,8.455335746753297e-09,1.7880686842802632e-09,6.870223979178355e-09,4.769689070346726e-11,8.413595385682197e-09,4.5862093593009537e-10,5.527077794392161e-09,4.694793591800174e-11,8.372150035870567e-09,1.3575604845833082e-10,4.446520257282049e-09,4.621100194877958e-11,8.330987295044016e-09,4.4340946011066554e-11
14.0,4.845807355774249e-11,4.943407664806808e-13,4.771663141547588e-11,1.0136549806121452e-11,3.897917561227242e-11,4.840244091136485e-13,4.7373873424771236e-11,2.845937839483571e-12,3.135446420354511e-11,4.739696046892974e-13,4.704460444060553e-11,9.157672332236478e-13,2.522123481466241e-11,4.641674275190842e-13,4.672647101596713e-11,3.192037411690888e-13
14.0,8.455335746753264e-09,4.771663141539318e-11,8.372067265561916e-09,1.7707345359488431e-09,6.802302198521824e-09,4.6970718719361634e-11,8.33086818150964e-09,4.5405022780637496e-10,5.4724399059904905e-09,4.6236644668987233e-11,8.289944214458046e-09,1.3436412024163568e-10,4.40256822729367e-09,4.5514215522064726e-11,8.249286672580922e-09,4.3875498130430815e-11
14.0,1.788068684280263e-09,1.0136549806122854e-11,1.770734535948844e-09,3.4824633653786894e-10,1.4384970248199036e-09,9.98199970529884e-12,1.762133873568837e-09,8.132551449850594e-11,1.1572674649802273e-09,9.829807771694029e-12,1.7535771391266074e-09,2.204382881564739e-11,9.310189575018237e-10,9.679937990338083e-12,1.745064077503971e-09,6.690324068400761e-12
14.0,6.870223979178395e-09,3.89791756123528e-11,6.80230219852191e-09,1.4384970248199034e-09,5.527077709999363e-09,3.836694940504882e-11,6.768724704843124e-09,3.689536821773309e-10,4.446520121544103e-09,3.776455601025254e-11,6.735384263321729e-09,1.0921198784987123e-10,3.577214392747874e-09,3.7171828883963054e-11,6.702270951672116e-09,3.56705933182542e-11
14.0,4.769689070347057e-11,4.840244096483771e-13,4.697071871936825e-11,9.981999705298436e-12,3.8366949405170127e-11,4.739671001835842e-13,4.663456263383531e-11,2.80256222311855e-12,3.086204459780921e-11,4.641626246571609e-13,4.631145292083856e-11,9.017945459582548e-13,2.4825176392102995e-11,4.5460248520057474e-13,4.599913634101451e-11,3.143280560277125e-13
14.0,8.413595385682202e-09,4.737387342474068e-11,8.330868181509633e-09,1.7621338735688375e-09,6.768724704843057e-09,4.6634562633813833e-11,8.289925114914814e-09,4.5178258842358217e-10,5.445428916885071e-09,4.590694233720406e-11,8.249249767713324e-09,1.3367367487731673e-10,4.380839572712399e-09,4.519082296644315e-11,8.208834601034481e-09,4.364465586866885e-11
14.0,4.5862093593009557e-10,2.845937839484212e-12,4.5405022780637506e-10,8.132551449850598e-11,3.6895368217733113e-10,2.8025622231188594e-12,4.5178258842358315e-10,1.708228432989875e-11,2.968177206032953e-10,2.7598479350221036e-12,4.495266737004926e-10,4.1774204913852694e-12,2.387854202759528e-10,2.7177848885462867e-12,4.4728242025835276e-10,1.158522471295789e-12
14.0,5.527077794392168e-09,3.135446420399991e-11,5.472439905990583e-09,1.1572674649802273e-09,4.446520121544017e-09,3.086204459800248e-11,5.445428916885104e-09,2.968177206032946e-10,3.5772143381671032e-09,3.037753175988167e-11,5.418608408817041e-09,8.78580256375461e-11,2.877860113309803e-09,2.9900791856050876e-11,5.391970443471114e-09,2.8695626757178563e-11
14.0,4.694793591799843e-11,4.739696045151468e-13,4.6236644668992196e-11,9.829807771694061e-12,3.776455601056381e-11,4.641626246809375e-13,4.590694233719831e-11,2.7598479350221056e-12,3.0377531760121797e-11,4.546001809203774e-13,4.558986095932062e-11,8.880351101614031e-13,2.4435475984252143e-11,4.452741728508682e-13,4.528324261202654e-11,3.095268616104226e-13
14.0,8.372150035870593e-09,4.70446044405923e-11,8.289944214457946e-09,1.7535771391266074e-09,6.735384263321776e-09,4.631145292080467e-11,8.249249767713285e-09,4.4952667370049246e-10,5.418608408817084e-09,4.558986095934379e-11,8.208816731748281e-09,1.3298688185194343e-10,4.359263978261934e-09,4.487964236546614e-11,8.168638454062683e-09,4.3415058788065355e-11
14.0,1.3575604845833067e-10,9.157672332237433e-13,1.3436412024163583e-10,2.2043828815647364e-11,1.0921198784987132e-10,9.017945459584841e-13,1.3367367487731702e-10,4.177420491385245e-12,8.785802563754639e-11,8.880351101613324e-13,1.329868818519436e-10,9.182272616884151e-13,7.067935382261132e-11,8.744856702822602e-13,1.3230372119109097e-10,2.3044302584750284e-13
14.0,4.4465202572820954e-09,2.5221234814661906e-11,4.4025682272937395e-09,9.310189575018256e-10,3.5772143927479405e-09,2.4825176392043402e-11,4.380839572712366e-09,2.3878542027595286e-10,2.877860113309793e-09,2.4435475984070974e-11,4.359263978261875e-09,7.067935382261117e-11,2.3152314153425986e-09,2.4052026042751428e-11,4.3378350928111256e-09,2.3084533344894196e-11
14.0,4.621100194877958e-11,4.641674276970403e-13,4.5514215522113524e-11,9.679937990338279e-12,3.7171828884105044e-11,4.546024851222963e-13,4.5190822966456364e-11,2.7177848885463824e-12,2.9900791856063975e-11,4.452741732215332e-13,4.4879642365470306e-11,8.744856702821955e-13,2.4052026042648922e-11,4.3617476081760074e-13,4.457860649582863e-11,3.0479901958405217e-13
14.0,8.330987295044003e-09,4.6726471015910084e-11,8.249286672580962e-09,1.745064077503971e-09,6.702270951672169e-09,4.599913634098803e-11,8.20883460103448e-09,4.472824202583531e-10,5.391970443471167e-09,4.528324261200172e-11,8.168638454062577e-09,1.3230372119109143e-10,4.337835092811183e-09,4.457860649581537e-11,8.128692278545295e-09,4.3186699984958596e-11
14.0,4.434094601106661e-11,3.1920374116903764e-13,4.387549813043053e-11,6.690324068400719e-12,3.56705933182546e-11,3.1432805602761824e-13,4.364465586866815e-11,1.1585224712957628e-12,2.8695626757178534e-11,3.095268616105186e-13,4.34150587880656e-11,2.3044302584752227e-13,2.3084533344893815e-11,3.0479901958416824e-13,4.3186699984958596e-11,5.230447472476498e-14
15.0,4.5526633282909016e-11,3.281331902018016e-13,4.504850432661622e-11,6.863805267786288e-12,3.662442407427191e-11,3.231207755420737e-13,4.4811374015305785e-11,1.1880269988156161e-12,2.946293964020558e-11,3.1818494584670034e-13,4.457552361081387e-11,2.362658537234851e-13,2.3701801200633858e-11,3.13324530695294e-13,4.434094601106732e-11,5.36261288464845e-14
15.0,3.281331902018018e-13,2.6279759808001894e-15,3.245307838448078e-13,4.5795330143289515e-14,2.639643416787502e-13,2.5876134805215775e-15,3.2274495462280006e-13,7.55735946816872e-15,2.1234418354921934e-13,2.547871094018886e-15,3.209692938009399e-13,1.4714682892390838e-15,1.708187267266333e-13,2.5087392901818304e-15,3.1920374116923535e-13,3.342472237666348e-16
15.0,4.504850432661623e-11,3.2453078384460116e-13,4.457548998992979e-11,6.793869426243624e-12,3.623979140590182e-11,3.1957353141859736e-13,4.43408958132008e-11,1.1761347314556722e-12,2.915352041574648e-11,3.1469201903197746e-13,4.410756753403516e-11,2.339190416815458e-13,2.3452887717304008e-11,3.0988508921032693e-13,4.387549813043046e-11,5.309345812101549e-14
15.0,6.863805267786283e-12,4.579533014329663e-14,6.7938694262436564e-12,1.0901463101614593e-12,5.521753502516876e-12,4.509846374070269e-14,6.759174148389167e-12,1.9449629104445863e-13,4.44210765224347e-12,4.4412203096853816e-14,6.7246593480455065e-12,3.9102044225224424e-14,3.5735605526953877e-12,4.373638677646805e-14,6.6903240684007834e-12,8.82611770592438e-15
15.0,3.6624424074271927e-11,2.639643416581313e-13,3.6239791405902255e-11,5.521753502517056e-12,2.946293957313864e-11,2.5993214653587676e-13,3.604903100080094e-11,9.557456130846157e-13,2.3701801092729857e-11,2.5596155946558556e-13,3.58593002092953e-11,1.9007222245009307e-13,1.9067187022926516e-11,2.520516389271474e-13,3.5670593318254204e-11,4.314138451170534e-14
15.0,3.2312077554207395e-13,2.5876134852030895e-15,3.195735314187388e-13,4.5098463740699834e-14,2.5993214654662536e-13,2.547871084293814e-15,3.1781504716598246e-13,7.442616345242222e-15,2.0910051781814881e-13,2.5087392825480534e-15,3.1606657512923675e-13,1.4491509858378907e-15,1.682093868559692e-13,2.47020868415371e-15,3.143280560278007e-13,3.2917908848928667e-16
15.0,4.481137401530577e-11,3.2274495462321233e-13,4.434089581320055e-11,6.759174148389248e-12,3.604903100080121e-11,3.178150471660272e-13,4.4107559206462306e-11,1.170233982032996e-12,2.9000062461487654e-11,3.1296046091504074e-13,4.3875481552392625e-11,2.327545062612078e-13,2.3329437864516214e-11,3.0818004481264495e-13,4.364465586866772e-11,5.282913412034336e-14
15.0,1.1880269988156153e-12,7.557359468174467e-15,1.1761347314557049e-12,1.9449629104446191e-13,9.5574561308456e-13,7.442616345244385e-15,1.170233982032942e-12,3.5223090704986506e-14,7.688795639583612e-13,7.32961555010519e-15,1.1643632804003152e-12,7.0812317130141955e-15,6.185493067366755e-13,7.21833062337083e-15,1.158522471295817e-12,1.5773845859044144e-15
15.0,2.946293964020555e-11,2.1234418354887305e-13,2.915352041574612e-11,4.442107652243475e-12,2.3701801092732345e-11,2.0910051781723548e-13,2.900006246148698e-11,7.688795639583834e-13,1.9067186979523822e-11,2.0590641210524355e-13,2.8847432773905948e-11,1.5291016163459507e-13,1.5338818366941118e-11,2.0276110901292594e-13,2.8695626757178457e-11,3.4706571292768335e-14
15.0,3.1818494584670024e-13,2.5478710946793595e-15,3.146920190319444e-13,4.441220309685621e-14,2.559615594681785e-13,2.5087392812009594e-15,3.1296046091504867e-13,7.329615550107347e-15,2.05906412106461e-13,2.470208679976832e-15,3.1123876122987637e-13,1.4271721928098672e-15,1.6563991508113778e-13,2.4322700514188073e-15,3.0952686161053275e-13,3.2418780697781835e-16
15.0,4.4575523610813794e-11,3.2096929380099716e-13,4.410756753403558e-11,6.724659348045554e-12,3.5859300209295387e-11,3.160665751291914e-13,4.387548155239235e-11,1.1643632804003494e-12,2.8847432773906155e-11,3.1123876122984805e-13,4.364464761802825e-11,2.3159584431616774e-13,2.3206654306055538e-11,3.0648470742582e-13,4.341505878806506e-11,5.25661419177357e-14
15.0,2.362658537234851e-13,1.4714682892264893e-15,2.3391904168150884e-13,3.9102044225235196e-14,1.9007222245007903e-13,1.4491509858312388e-15,2.327545062612252e-13,7.0812317130223776e-15,1.529101616345718e-13,1.4271721928086981e-15,2.3159584431612634e-13,1.4078621479866767e-15,1.2301385924121702e-13,1.405526775138404e-15,2.3044302584753005e-13,3.070468953605825e-16
15.0,2.3701801200633855e-11,1.7081872671959552e-13,2.345288771730365e-11,3.5735605526954402e-12,1.9067187022925243e-11,1.682093868537183e-13,2.3329437864515868e-11,6.185493067366818e-13,1.5338818366941183e-11,1.656399150791246e-13,2.3206654306055386e-11,1.230138592412255e-13,1.2339489317727846e-11,1.6310970211221483e-13,2.3084533344893663e-11,2.792089564718327e-14
15.0,3.133245306952938e-13,2.5087393078188232e-15,3.098850892105139e-13,4.373638677648168e-14,2.5205163893100843e-13,2.4702086942204557e-15,3.0818004481267347e-13,7.218330623377876e-15,2.0276110901322967e-13,2.432270054470621e-15,3.0648470742579464e-13,1.405526775140652e-15,1.6310970211139967e-13,2.3949142935221745e-15,3.047990195839761e-13,3.192722137198001e-16
15.0,4.434094601106733e-11,3.192037411691707e-13,4.387549813043035e-11,6.6903240684007e-12,3.5670593318254494e-11,3.1432805602763945e-13,4.3644655868667684e-11,1.1585224712957946e-12,2.869562675717845e-11,3.095268616106314e-13,4.341505878806516e-11,2.3044302584751197e-13,2.308453334489327e-11,3.047990195841159e-13,4.3186699984960935e-11,5.230447472476814e-14
15.0,5.3626128846484516e-14,3.342472237676013e-16,5.3093458120992854e-14,8.826117705913466e-15,4.314138451171147e-14,3.291790884884581e-16,5.2829134120356785e-14,1.5773845858977957e-15,3.470657129275023e-14,3.2418780697638445e-16,5.256614191769564e-14,3.070468953583032e-16,2.7920895647164503e-14,3.1927221371617473e-16,5.230447472472857e-14,6.509363252017254e-17
